<?xml version="1.0" encoding="UTF-8"?>
<beans xmlns="http://www.springframework.org/schema/beans"
xmlns:xsi="http://www.w3.org/2001/XMLSchema-instance"
xmlns:aop="http://www.springframework.org/schema/aop"
xmlns:tx="http://www.springframework.org/schema/tx"
xmlns:context="http://www.springframework.org/schema/context"
xmlns:mvc="http://www.springframework.org/schema/mvc"
xmlns:neo4j="http://www.springframework.org/schema/data/neo4j"
xmlns:cache="http://www.springframework.org/schema/cache"
xmlns:p="http://www.springframework.org/schema/p"
xsi:schemaLocation="
http://www.springframework.org/schema/beans http://www.springframework.org/schema/beans/spring-beans.xsd
http://www.springframework.org/schema/context http://www.springframework.org/schema/context/spring-context.xsd
http://www.springframework.org/schema/mvc http://www.springframework.org/schema/mvc/spring-mvc.xsd
http://www.springframework.org/schema/tx http://www.springframework.org/schema/tx/spring-tx.xsd
http://www.springframework.org/schema/cache http://www.springframework.org/schema/cache/spring-cache.xsd
http://www.springframework.org/schema/aop http://www.springframework.org/schema/aop/spring-aop.xsd
http://www.springframework.org/schema/data/neo4j http://www.springframework.org/schema/data/neo4j/spring-neo4j.xsd
">
	<context:annotation-config/>
	<context:spring-configured/>
	<context:component-scan base-package="com.practicalneo4j.graphstory.controller"/>
	<context:component-scan base-package="com.practicalneo4j.graphstory.service"/>
	<mvc:annotation-driven/>
	
	<mvc:resources mapping="/resources/**" location="/resources/" /> 
    <mvc:interceptors>
            <mvc:interceptor>
                <mvc:mapping path="/social/**" />
                <mvc:mapping path="/user/**" />
                <mvc:mapping path="/interest/**" />
                <mvc:mapping path="/consumption/**" />
                <mvc:mapping path="/location/**" />
                <mvc:mapping path="/intent/**" />
                <bean class="com.practicalneo4j.graphstory.interceptor.SecurityInterceptor" />
            </mvc:interceptor>
	</mvc:interceptors>
	
    <bean id="projectPropertyConfigurer" class="org.springframework.beans.factory.config.PropertyPlaceholderConfigurer">
		<property name="location">
			<value>classpath:/com/practicalneo4j/graphstory/service/package.properties</value>
		</property>
	</bean>
	
    <!-- mustache.java -->
	<bean id="viewResolver" class="com.practicalneo4j.graphstory.util.NMustacheViewResolver">
	    <property name="cache" value="false" />
	    <property name="templateFactory">
               <bean class="com.practicalneo4j.graphstory.util.NMustacheJTemplateFactory" />
	    </property>
	</bean>
	
	<!-- REST Connection to Neo4j server -->
	<bean id="graphDatabaseService" class="org.springframework.data.neo4j.rest.SpringRestGraphDatabase" scope="singleton">
		<constructor-arg value="${rootNeo4jServiceUrl}/db/data"  index="0"/> 	  
		<!--
		Uncomment this to include the username and password. Make sure to update the package.properties file with the correct information
    	<constructor-arg value="${rootNeo4jServiceUsername}" index="1"/>
    	<constructor-arg value="${rootNeo4jServicePassword}" index="2"/>
		-->
	</bean>
	<!-- neo4j config -->
	<neo4j:config graphDatabaseService="graphDatabaseService" base-package="com.practicalneo4j.graphstory.domain"/>
	
	<!-- Package w/ automagic repositories -->
	<neo4j:repositories base-package="com.practicalneo4j.graphstory.repository" />
	
	<tx:annotation-driven mode="proxy"/>
</beans>