userId,statusId
1,12645
2,6945
4,4736
5,3631
7,9569
8,13032
10,12512
11,8368
13,15105
14,11514
16,3780
17,8978
19,15552
20,16165
22,15088
23,5777
25,1146
26,16101
28,12129
29,2380
31,10565
32,15025
34,387
35,3285
37,1666
38,12853
40,2013
41,8889
43,6903
44,7517
46,3304
47,11297
49,3839
50,10373
52,5895
53,8984
55,8606
56,10129
58,5191
59,5782
61,6554
62,16346
64,14861
65,257
67,10323
68,1922
70,2340
71,3935
73,2726
74,10837
76,14624
77,14141
79,2547
80,1503
82,6635
83,7398
85,24
86,16003
88,9513
89,4718
91,4905
92,11271
94,15322
95,9656
97,12548
98,3502
100,6150
101,5842
103,8640
104,8567
106,2170
107,6715
109,6998
110,9261
112,5722
113,15896
115,13428
116,15920
118,14788
119,8956
121,5453
122,13861
124,12464
125,12706
127,3255
128,8778
130,12444
131,14927
133,9092
134,7090
136,100
137,9260
139,5248
140,16257
142,11899
143,5502
145,9471
146,2454
148,6570
149,765
151,8386
152,6217
154,4996
155,2205
157,11262
158,5459
160,4553
161,1427
163,3686
164,10518
166,11385
167,10618
169,9322
170,15866
172,45
173,11288
175,6663
176,4283
178,12724
179,10852
181,11264
182,2762
184,7189
185,7758
187,15819
188,2543
190,275
191,7095
193,16133
194,10780
196,6128
197,5689
199,5383
200,15010
202,4418
203,15054
205,8955
206,5241
208,15946
209,1488
211,7225
212,12752
214,4721
215,3464
217,4422
218,2807
220,9581
221,3082
223,16166
224,2738
226,317
227,8866
229,11562
230,14249
232,5720
233,2190
235,11165
236,11145
238,4417
239,10614
241,8521
242,1363
244,15386
245,6083
247,13533
248,10505
250,14221
251,3609
253,5529
254,3298
256,7617
257,3615
259,15392
260,15177
262,5226
263,4420
265,10114
266,15584
268,3765
269,3525
271,15380
272,12045
274,6795
275,10955
277,1674
278,8011
280,15835
281,5756
283,126
284,11285
286,3631
287,2425
289,16002
290,1341
292,9669
293,6566
295,5526
296,203
298,12527
299,3968
301,13665
302,2872
304,16166
305,9667
307,8274
308,11340
310,10886
311,10699
313,630
314,10825
316,10147
317,14456
319,6803
320,13981
322,2159
323,7174
325,1935
326,12699
328,818
329,8749
331,3226
332,5937
334,1203
335,5627
337,10135
338,13900
340,10600
341,8309
343,345
344,8938
346,1374
347,2609
349,4828
350,9412
352,9621
353,11571
355,4505
356,13505
358,16067
359,14323
361,15121
362,1073
364,571
365,2276
367,12163
368,12410
370,2142
371,6534
373,2820
374,6879
376,14322
377,8252
379,7327
380,13080
382,14313
383,6225
385,11996
386,10729
388,5901
389,10320
391,8554
392,8965
394,668
395,9535
397,14884
398,5221
400,10049
401,7363
403,13522
404,10182
406,9457
407,8027
409,8001
410,15353
412,15956
413,13189
415,2530
416,8708
418,2608
419,14608
421,533
422,6685
424,16007
425,7353
427,803
428,5761
430,14486
431,15809
433,1750
434,12854
436,12367
437,5835
439,14761
440,13836
442,13758
443,13316
445,2503
446,15846
448,1977
449,1977
451,11770
452,2510
454,14052
455,2040
457,9393
458,2843
460,9954
461,852
463,1402
464,2601
466,3030
467,14968
469,12685
470,13252
472,4741
473,10534
475,9985
476,13036
478,7461
479,15013
481,3068
482,10307
484,5361
485,7883
487,15005
488,799
490,13934
491,10753
493,12195
494,12154
496,6834
497,15183
499,7308
500,11392
502,5141
503,16132
505,16291
506,9641
508,10333
509,625
511,6352
512,3693
514,4880
515,9053
517,5447
518,7582
520,8856
521,5039
523,13116
524,758
526,3502
527,7591
529,8854
530,14899
532,10983
533,3563
535,7169
536,3378
538,16391
539,13710
541,7674
542,3585
544,9262
545,8465
547,2257
548,13911
550,12526
551,6290
553,596
554,2930
556,818
557,6431
559,16224
560,15285
562,10069
563,9792
565,3570
566,485
568,6711
569,399
571,10477
572,8072
574,1458
575,858
577,1492
578,3115
580,9108
581,15641
583,5287
584,16236
586,2223
587,578
589,6749
590,325
592,9698
593,10394
595,16210
596,13964
598,9623
599,4198
601,270
602,14674
604,10977
605,16132
607,13672
608,1148
610,13802
611,10256
613,3745
614,15542
616,13094
617,1288
619,12397
620,8036
622,10510
623,1258
625,1937
626,992
628,10325
629,10614
631,2636
632,10884
634,3018
635,5384
637,4258
638,2580
640,8612
641,16381
643,12131
644,3649
646,15408
647,266
649,2787
650,12663
652,6968
653,6696
655,5065
656,8633
658,650
659,2482
661,432
662,5117
664,14889
665,8135
667,12525
668,12393
670,11308
671,4528
673,3871
674,183
676,11974
677,15590
679,4889
680,1901
682,5839
683,8868
685,8047
686,13933
688,11247
689,14582
691,8584
692,15014
694,329
695,13426
697,13933
698,9474
700,13640
701,4305
703,13251
704,8175
706,35
707,3673
709,3560
710,8561
712,3273
713,14400
715,9680
716,5970
718,8245
719,741
721,9290
722,9324
724,15453
725,9652
727,13274
728,7108
730,7011
731,4272
733,5276
734,1046
736,3722
737,1080
739,1283
740,4640
742,745
743,7912
745,9075
746,1116
748,14861
749,9360
751,2276
752,2174
754,4705
755,1150
757,4084
758,14424
760,12936
761,4958
763,9617
764,10233
766,14473
767,13955
769,6525
770,15237
772,7138
773,15982
775,5675
776,8580
778,10181
779,6964
781,15427
782,9240
784,13521
785,13945
787,4791
788,1552
790,3169
791,14488
793,5818
794,7628
796,9512
797,5625
799,14286
800,12150
802,7223
803,2812
805,8072
806,8486
808,10036
809,2190
811,4884
812,1141
814,1905
815,14662
817,77
818,2976
820,12671
821,6144
823,13746
824,11961
826,8578
827,4997
829,888
830,2806
832,8434
833,10029
835,15486
836,1624
838,14642
839,11660
841,4286
842,68
844,3169
845,1973
847,15996
848,2049
850,13900
851,14719
853,9815
854,11989
856,13358
857,4090
859,6049
860,4978
862,10890
863,13411
865,2066
866,12421
868,1727
869,10587
871,3579
872,14872
874,6571
875,1564
877,7748
878,1084
880,11901
881,14983
883,5721
884,8321
886,11501
887,5202
889,5802
890,11251
892,2909
893,5664
895,10043
896,7729
898,2325
899,9456
901,6267
902,13034
904,10276
905,3129
907,16257
908,10876
910,7811
911,6300
913,14083
914,12020
916,15868
917,7045
919,5267
920,12847
922,16118
923,15755
925,7429
926,9322
928,11160
929,11647
931,9002
932,1437
934,5239
935,11713
937,3041
938,11494
940,1926
941,2829
943,15794
944,435
946,5030
947,16303
949,15944
950,5093
952,5157
953,4735
955,33
956,12163
958,2637
959,6846
961,14696
962,15848
964,6838
965,4611
967,2107
968,7651
970,8253
971,9576
973,4222
974,8893
976,12210
977,13923
979,10768
980,13390
982,5696
983,2071
985,16379
986,2103
988,3431
989,4739
991,2130
992,2959
994,2265
995,9796
997,14114
998,11903
1000,4504
1001,3679
1003,14198
1004,7901
1006,7851
1007,3634
1009,1330
1010,14402
1012,16378
1013,3621
1015,3207
1016,3523
1018,2199
1019,6954
1021,8036
1022,9083
1024,13245
1025,11348
1027,6588
1028,8986
1030,7581
1031,13489
1033,1673
1034,11210
1036,4659
1037,2585
1039,5090
1040,3914
1042,2436
1043,3816
1045,1851
1046,7022
1048,3369
1049,9221
1051,9626
1052,781
1054,2365
1055,14025
1057,4900
1058,4136
1060,2861
1061,11717
1063,4502
1064,13389
1066,14043
1067,1571
1069,10742
1070,6661
1072,5365
1073,9096
1075,3609
1076,10947
1078,5376
1079,14316
1081,14096
1082,7465
1084,15423
1085,9829
1087,11622
1088,14728
1090,330
1091,1113
1093,2526
1094,5615
1096,15932
1097,3181
1099,15446
1100,13923
1102,2398
1103,2811
1105,9641
1106,6420
1108,7430
1109,11796
1111,14439
1112,9416
1114,5752
1115,8363
1117,11090
1118,3508
1120,4089
1121,3838
1123,8803
1124,6364
1126,10430
1127,5819
1129,13628
1130,4789
1132,7010
1133,7186
1135,9487
1136,351
1138,6436
1139,7780
1141,1223
1142,5743
1144,3474
1145,11494
1147,15554
1148,6108
1150,9410
1151,10197
1153,4378
1154,2523
1156,4960
1157,12952
1159,8724
1160,10103
1162,9933
1163,637
1165,13954
1166,10124
1168,7918
1169,83
1171,13677
1172,1305
1174,12376
1175,4778
1177,2960
1178,3856
1180,13529
1181,13265
1183,11459
1184,1166
1186,15753
1187,6126
1189,9388
1190,14849
1192,7813
1193,8306
1195,13423
1196,5783
1198,2907
1199,13700
1201,171
1202,10901
1204,3177
1205,6800
1207,1202
1208,9760
1210,5334
1211,6812
1213,3186
1214,1795
1216,3560
1217,1071
1219,410
1220,10459
1222,7364
1223,1795
1225,14953
1226,15218
1228,16189
1229,1648
1231,1032
1232,1819
1234,3655
1235,4996
1237,11056
1238,6197
1240,5836
1241,11530
1243,13881
1244,14715
1246,6615
1247,1799
1249,5475
1250,2209
1252,2707
1253,9572
1255,8245
1256,8048
1258,3089
1259,7761
1261,11633
1262,8792
1264,14602
1265,12447
1267,7894
1268,7026
1270,10945
1271,12862
1273,4332
1274,10266
1276,15990
1277,404
1279,12242
1280,5878
1282,2478
1283,8585
1285,10984
1286,353
1288,1756
1289,3442
1291,10651
1292,15075
1294,4888
1295,13200
1297,4121
1298,4617
1300,9550
1301,15562
1303,10033
1304,3417
1306,8755
1307,2931
1309,9274
1310,15172
1312,12002
1313,1174
1315,7826
1316,12157
1318,11696
1319,13912
1321,6851
1322,8087
1324,10798
1325,12975
1327,10715
1328,619
1330,1181
1331,10169
1333,4509
1334,3726
1336,1625
1337,12480
1339,15622
1340,5278
1342,2544
1343,804
1345,14527
1346,8629
1348,10387
1349,3848
1351,9688
1352,10699
1354,7588
1355,5021
1357,2211
1358,15735
1360,1451
1361,440
1363,16252
1364,4948
1366,1518
1367,6573
1369,6191
1370,5718
1372,9559
1373,8262
1375,14100
1376,6312
1378,14322
1379,223
1381,11980
1382,9911
1384,1249
1385,1022
1387,3491
1388,3232
1390,6352
1391,4682
1393,2906
1394,4458
1396,3185
1397,5976
1399,15944
1400,12166
1402,1028
1403,5248
1405,3391
1406,2872
1408,14382
1409,718
1411,12745
1412,12698
1414,5331
1415,13946
1417,2937
1418,961
1420,16278
1421,7313
1423,13582
1424,10219
1426,15833
1427,13404
1429,8180
1430,12871
1432,6245
1433,13898
1435,12570
1436,812
1438,8732
1439,15194
1441,5116
1442,11462
1444,11411
1445,317
1447,2251
1448,3253
1450,12798
1451,3055
1453,11551
1454,160
1456,14761
1457,15992
1459,7470
1460,7695
1462,12345
1463,13940
1465,5991
1466,10033
1468,2508
1469,2289
1471,16219
1472,7405
1474,9675
1475,2339
1477,601
1478,4590
1480,8963
1481,911
1483,8161
1484,12462
1486,1102
1487,10746
1489,7445
1490,1740
1492,10183
1493,14084
1495,10343
1496,3598
1498,11315
1499,6106
1501,11004
1502,5848
1504,5678
1505,15523
1507,669
1508,16123
1510,15389
1511,8609
1513,211
1514,293
1516,1668
1517,1394
1519,2640
1520,8839
1522,11308
1523,2546
1525,962
1526,12888
1528,650
1529,7726
1531,2626
1532,2253
1534,12006
1535,7931
1537,7250
1538,8599
1540,7082
1541,7512
1543,7826
1544,7722
1546,4555
1547,9390
1549,12029
1550,12030
1552,4767
1553,6861
1555,11588
1556,7823
1558,5532
1559,8472
1561,5580
1562,11097
1564,11477
1565,6627
1567,16420
1568,13876
1570,4532
1571,4482
1573,1254
1574,12307
1576,14743
1577,385
1579,13151
1580,12413
1582,3921
1583,704
1585,13712
1586,12292
1588,3438
1589,1347
1591,890
1592,6927
1594,595
1595,1927
1597,8229
1598,1870
1600,7987
1601,6402
1603,15256
1604,7655
1606,13771
1607,5922
1609,5199
1610,2597
1612,8656
1613,6517
1615,2497
1616,3752
1618,4161
1619,7190
1621,14296
1622,8079
1624,2576
1625,8673
1627,13958
1628,426
1630,6263
1631,8413
1633,3049
1634,7192
1636,12141
1637,4486
1639,5142
1640,9685
1642,10556
1643,1864
1645,198
1646,4361
1648,2130
1649,8522
1651,5409
1652,6341
1654,15615
1655,8917
1657,11271
1658,6398
1660,8797
1661,12660
1663,12724
1664,15708
1666,7831
1667,11373
1669,8859
1670,39
1672,12483
1673,10595
1675,6147
1676,10792
1678,3563
1679,12922
1681,8168
1682,1855
1684,4377
1685,993
1687,9258
1688,12263
1690,14565
1691,4583
1693,11809
1694,831
1696,16243
1697,8661
1699,8688
1700,1043
1702,10816
1703,13525
1705,14808
1706,3195
1708,6685
1709,6758
1711,7082
1712,14926
1714,13820
1715,2826
1717,12999
1718,12084
1720,2099
1721,10173
1723,3859
1724,5505
1726,4850
1727,5271
1729,738
1730,13958
1732,13140
1733,8298
1735,3185
1736,6630
1738,4021
1739,13314
1741,1303
1742,3919
1744,439
1745,1263
1747,567
1748,14262
1750,12958
1751,16360
1753,13455
1754,3742
1756,14782
1757,8592
1759,8294
1760,9329
1762,2849
1763,5993
1765,10928
1766,9178
1768,5725
1769,13198
1771,7280
1772,14501
1774,7285
1775,14940
1777,10114
1778,15506
1780,8551
1781,11987
1783,684
1784,8966
1786,14797
1787,7272
1789,1229
1790,15565
1792,1619
1793,1938
1795,10307
1796,12865
1798,9147
1799,2114
1801,4825
1802,9394
1804,4421
1805,202
1807,5280
1808,10316
1810,3924
1811,2391
1813,2452
1814,3074
1816,4721
1817,1395
1819,15583
1820,2624
1822,2821
1823,4243
1825,12527
1826,14549
1828,14934
1829,7220
1831,14064
1832,12044
1834,11218
1835,16464
1837,6835
1838,5268
1840,1482
1841,9191
1843,8115
1844,11642
1846,7238
1847,16363
1849,13631
1850,15469
1852,2638
1853,1813
1855,10058
1856,14339
1858,13866
1859,12797
1861,3312
1862,10385
1864,2151
1865,5126
1867,1192
1868,11961
1870,10548
1871,13442
1873,5819
1874,5081
1876,4162
1877,12318
1879,3901
1880,9473
1882,6263
1883,12110
1885,12868
1886,5691
1888,1070
1889,3081
1891,12966
1892,6392
1894,3955
1895,8543
1897,11407
1898,9735
1900,7650
1901,3807
1903,13084
1904,9625
1906,13682
1907,13787
1909,14167
1910,1212
1912,13644
1913,7474
1915,14933
1916,3866
1918,14085
1919,4935
1921,9558
1922,1425
1924,15415
1925,5379
1927,9922
1928,310
1930,16389
1931,7959
1933,3346
1934,4566
1936,11859
1937,1772
1939,16214
1940,15939
1942,13565
1943,13106
1945,6549
1946,11562
1948,5224
1949,9171
1951,6979
1952,2252
1954,15127
1955,1191
1957,15341
1958,11112
1960,8814
1961,11024
1963,6093
1964,14369
1966,12997
1967,9752
1969,736
1970,9489
1972,6161
1973,6577
1975,2585
1976,13125
1978,2874
1979,1873
1981,8098
1982,8852
1984,14747
1985,7502
1987,10298
1988,6367
1990,6159
1991,15180
1993,9978
1994,4797
1996,1888
1997,1318
1999,12045
2000,2053
2002,5188
2003,8214
2005,11436
2006,10798
2008,12771
2009,13672
2011,6799
2012,5294
2014,3080
2015,3564
2017,551
2018,13861
2020,9133
2021,3543
2023,12262
2024,13521
2026,13284
2027,15408
2029,7582
2030,10976
2032,11368
2033,16163
2035,5254
2036,11123
2038,12265
2039,7417
2041,4673
2042,14216
2044,5932
2045,819
2047,14692
2048,1369
2050,13343
2051,10501
2053,10697
2054,6287
2056,12847
2057,3095
2059,16314
2060,10676
2062,5358
2063,5568
2065,2615
2066,10821
2068,10670
2069,6610
2071,15920
2072,11282
2074,9988
2075,737
2077,7618
2078,15429
2080,2633
2081,12295
2083,1191
2084,6515
2086,13269
2087,2886
2089,7803
2090,2724
2092,13311
2093,8082
2095,2031
2096,10696
2098,1873
2099,4890
2101,9131
2102,4334
2104,14129
2105,14321
2107,3470
2108,5463
2110,10656
2111,8096
2113,11866
2114,9287
2116,2887
2117,6079
2119,13478
2120,13881
2122,1793
2123,10716
2125,12151
2126,12747
2128,377
2129,14619
2131,11689
2132,7274
2134,1330
2135,4927
2137,8184
2138,8396
2140,13991
2141,2575
2143,15616
2144,14441
2146,7279
2147,851
2149,1828
2150,14328
2152,15577
2153,16120
2155,4454
2156,11794
2158,4027
2159,12171
2161,8490
2162,7383
2164,810
2165,8713
2167,7451
2168,421
2170,3078
2171,14411
2173,6800
2174,13550
2176,3333
2177,4353
2179,5944
2180,6181
2182,5960
2183,5281
2185,216
2186,9734
2188,7218
2189,13761
2191,12362
2192,5775
2194,8305
2195,6585
2197,9173
2198,14035
2200,1961
2201,637
2203,13801
2204,7437
2206,7128
2207,10769
2209,1306
2210,236
2212,9811
2213,6196
2215,1485
2216,6411
2218,4952
2219,13629
2221,4114
2222,9515
2224,10658
2225,1343
2227,9440
2228,10515
2230,8642
2231,12476
2233,5779
2234,9800
2236,16466
2237,452
2239,15030
2240,1757
2242,3298
2243,11568
2245,13322
2246,13053
2248,129
2249,1528
2251,696
2252,5641
2254,7038
2255,16299
2257,3488
2258,9262
2260,13974
2261,1428
2263,8620
2264,7206
2266,10702
2267,7196
2269,7076
2270,5750
2272,3687
2273,9047
2275,6493
2276,5893
2278,15710
2279,6022
2281,5603
2282,6717
2284,5010
2285,13754
2287,5759
2288,766
2290,547
2291,14739
2293,7811
2294,6882
2296,8398
2297,1107
2299,9437
2300,8183
2302,12232
2303,11869
2305,10119
2306,1886
2308,4582
2309,1119
2311,572
2312,6721
2314,2203
2315,11730
2317,3657
2318,1013
2320,14372
2321,1560
2323,10038
2324,9370
2326,12911
2327,1292
2329,6503
2330,10728
2332,5844
2333,6483
2335,14233
2336,125
2338,12038
2339,4706
2341,15865
2342,5278
2344,9931
2345,7480
2347,1276
2348,11136
2350,9862
2351,9031
2353,235
2354,2593
2356,13966
2357,15503
2359,12327
2360,5530
2362,2395
2363,11373
2365,4332
2366,9130
2368,8155
2369,4691
2371,13096
2372,4080
2374,8281
2375,14010
2377,15196
2378,15286
2380,6648
2381,8672
2383,16134
2384,8906
2386,2039
2387,6395
2389,5710
2390,2246
2392,3633
2393,4640
2395,8039
2396,8972
2398,12569
2399,651
2401,5328
2402,13746
2404,3365
2405,5550
2407,8881
2408,4269
2410,9057
2411,10916
2413,1788
2414,10574
2416,13588
2417,12613
2419,7938
2420,1847
2422,7817
2423,5479
2425,2593
2426,13518
2428,6499
2429,9610
2431,15095
2432,14937
2434,11294
2435,1826
2437,5028
2438,10707
2440,14046
2441,3287
2443,15260
2444,5075
2446,8903
2447,2186
2449,8941
2450,10123
2452,11224
2453,1464
2455,1671
2456,4057
2458,1090
2459,10555
2461,1159
2462,9173
2464,14973
2465,3991
2467,1384
2468,9018
2470,8541
2471,6588
2473,10138
2474,5372
2476,5832
2477,14275
2479,14138
2480,6739
2482,7815
2483,1487
2485,6970
2486,3158
2488,3167
2489,4247
2491,8972
2492,5405
2494,13239
2495,3901
2497,2854
2498,5285
2500,3176
2501,13826
2503,6784
2504,7487
2506,15467
2507,13318
2509,9859
2510,10980
2512,14375
2513,2319
2515,3877
2516,9288
2518,13912
2519,12455
2521,1549
2522,4951
2524,14835
2525,1713
2527,15636
2528,4567
2530,8978
2531,7743
2533,8907
2534,14527
2536,14208
2537,13517
2539,831
2540,6900
2542,10668
2543,4798
2545,5517
2546,8675
2548,3522
2549,6110
2551,5774
2552,7659
2554,13430
2555,6018
2557,8511
2558,5177
2560,8876
2561,14154
2563,6591
2564,6585
2566,11792
2567,4316
2569,13835
2570,5146
2572,10382
2573,15814
2575,9246
2576,4854
2578,922
2579,8375
2581,5053
2582,14148
2584,14133
2585,11101
2587,8451
2588,3136
2590,7335
2591,12012
2593,13960
2594,2126
2596,2160
2597,13918
2599,3877
2600,11277
2602,12493
2603,5182
2605,9431
2606,14427
2608,15044
2609,15349
2611,10290
2612,3925
2614,13195
2615,1582
2617,5641
2618,10032
2620,3264
2621,890
2623,15040
2624,14850
2626,448
2627,534
2629,6648
2630,4411
2632,1518
2633,428
2635,12201
2636,9859
2638,11261
2639,8426
2641,2221
2642,2240
2644,7327
2645,15434
2647,7059
2648,4598
2650,9926
2651,7862
2653,8329
2654,6425
2656,8857
2657,6873
2659,6827
2660,13521
2662,16073
2663,15038
2665,14025
2666,10763
2668,9928
2669,5548
2671,4703
2672,7768
2674,3403
2675,15095
2677,3685
2678,5678
2680,13998
2681,15603
2683,8725
2684,7456
2686,1826
2687,16312
2689,11936
2690,6662
2692,9980
2693,6258
2695,8452
2696,3807
2698,305
2699,13734
2701,584
2702,1961
2704,3102
2705,5364
2707,4578
2708,9049
2710,10651
2711,6570
2713,8109
2714,15295
2716,11992
2717,644
2719,6271
2720,12579
2722,14070
2723,6083
2725,3955
2726,14534
2728,4603
2729,14839
2731,10798
2732,15422
2734,8284
2735,2048
2737,4389
2738,6625
2740,6171
2741,799
2743,7079
2744,8908
2746,15443
2747,4423
2749,7166
2750,10694
2752,5551
2753,8287
2755,10193
2756,12242
2758,2165
2759,368
2761,7872
2762,11165
2764,15539
2765,2973
2767,12094
2768,7361
2770,1222
2771,13531
2773,13395
2774,4134
2776,7911
2777,3101
2779,3070
2780,10266
2782,10808
2783,15816
2785,8153
2786,9533
2788,3555
2789,11697
2791,13795
2792,3093
2794,6505
2795,2155
2797,1262
2798,14249
2800,2644
2801,15470
2803,4825
2804,12388
2806,15913
2807,3822
2809,14949
2810,6892
2812,8201
2813,1223
2815,9740
2816,9375
2818,7045
2819,12930
2821,4717
2822,10248
2824,13554
2825,277
2827,8887
2828,1538
2830,11581
2831,4182
2833,11329
2834,9006
2836,15210
2837,8443
2839,5715
2840,6915
2842,6486
2843,15116
2845,6596
2846,8379
2848,16239
2849,15424
2851,4627
2852,3664
2854,12583
2855,742
2857,6217
2858,9629
2860,14100
2861,4733
2863,4500
2864,16061
2866,7288
2867,14794
2869,13898
2870,4033
2872,10922
2873,10518
2875,9170
2876,638
2878,317
2879,401
2881,4392
2882,5027
2884,2240
2885,1133
2887,363
2888,7350
2890,24
2891,4974
2893,3867
2894,9473
2896,239
2897,285
2899,5054
2900,14182
2902,307
2903,8628
2905,10676
2906,1321
2908,12948
2909,1637
2911,14167
2912,6029
2914,2573
2915,8268
2917,8198
2918,8631
2920,6975
2921,8655
2923,10484
2924,12521
2926,13578
2927,12759
2929,14990
2930,1336
2932,3957
2933,1643
2935,3442
2936,12319
2938,3565
2939,8790
2941,4087
2942,6480
2944,9636
2945,9053
2947,16318
2948,774
2950,13874
2951,7748
2953,16403
2954,1756
2956,11929
2957,15333
2959,7739
2960,13846
2962,1254
2963,1327
2965,3396
2966,4769
2968,6860
2969,8333
2971,11960
2972,12420
2974,6613
2975,5580
2977,9533
2978,5422
2980,4609
2981,2819
2983,8338
2984,2746
2986,8111
2987,14675
2989,4167
2990,5937
2992,1558
2993,7191
2995,592
2996,10586
2998,11944
2999,969
3001,15609
3002,12929
3004,9278
3005,3065
3007,11998
3008,12597
3010,15493
3011,729
3013,10259
3014,9067
3016,6781
3017,701
3019,2159
3020,4868
3022,11382
3023,6426
3025,5455
3026,7017
3028,4297
3029,2485
3031,11471
3032,1617
3034,14588
3035,10894
3037,6809
3038,6416
3040,4451
3041,5433
3043,4912
3044,15692
3046,8118
3047,5996
3049,9523
3050,8154
3052,388
3053,3060
3055,14919
3056,8515
3058,7084
3059,12811
3061,218
3062,7805
3064,6280
3065,5917
3067,15406
3068,12726
3070,4177
3071,701
3073,10153
3074,5612
3076,8719
3077,13729
3079,7985
3080,6776
3082,12119
3083,7163
3085,6202
3086,5605
3088,7302
3089,12689
3091,10886
3092,12906
3094,16086
3095,2710
3097,15704
3098,1639
3100,5262
3101,5815
3103,253
3104,15968
3106,10934
3107,8210
3109,11135
3110,16194
3112,3014
3113,11837
3115,14428
3116,1563
3118,1405
3119,8864
3121,1192
3122,3273
3124,8783
3125,2883
3127,5816
3128,2111
3130,15575
3131,7373
3133,9557
3134,7625
3136,9151
3137,2082
3139,5997
3140,13217
3142,9619
3143,16231
3145,3927
3146,14182
3148,3839
3149,15587
3151,16440
3152,302
3154,8994
3155,9085
3157,4258
3158,14901
3160,1160
3161,13999
3163,3877
3164,7079
3166,6086
3167,16229
3169,27
3170,5750
3172,10163
3173,15368
3175,15659
3176,2818
3178,6241
3179,6657
3181,5687
3182,6620
3184,8405
3185,15614
3187,14006
3188,3396
3190,5241
3191,4556
3193,3848
3194,8433
3196,10079
3197,14518
3199,1916
3200,14545
3202,6969
3203,8231
3205,11777
3206,7413
3208,14290
3209,13653
3211,15914
3212,2863
3214,1362
3215,11268
3217,12372
3218,8798
3220,5329
3221,14038
3223,12284
3224,1409
3226,9842
3227,11488
3229,7153
3230,13404
3232,10213
3233,3896
3235,12165
3236,15673
3238,459
3239,13486
3241,11885
3242,12923
3244,13455
3245,14285
3247,14163
3248,10181
3250,1790
3251,15509
3253,10449
3254,11316
3256,11063
3257,4682
3259,9719
3260,11834
3262,6443
3263,5571
3265,11398
3266,1260
3268,7288
3269,1719
3271,356
3272,13604
3274,12762
3275,10583
3277,3484
3278,8269
3280,3003
3281,10059
3283,83
3284,4031
3286,15049
3287,15094
3289,8550
3290,8337
3292,15454
3293,14779
3295,9778
3296,9701
3298,3299
3299,513
3301,10305
3302,868
3304,13758
3305,13629
3307,15020
3308,637
3310,9987
3311,3639
3313,3985
3314,3722
3316,9300
3317,2294
3319,2820
3320,10844
3322,8174
3323,9821
3325,2623
3326,3123
3328,14808
3329,6421
3331,12235
3332,249
3334,6790
3335,14007
3337,11926
3338,12550
3340,8856
3341,6061
3343,15844
3344,10045
3346,10386
3347,2869
3349,3546
3350,5688
3352,5042
3353,13862
3355,4841
3356,9
3358,14340
3359,14816
3361,7875
3362,10575
3364,2278
3365,888
3367,10309
3368,12814
3370,2501
3371,5193
3373,14808
3374,4560
3376,14360
3377,14946
3379,16206
3380,2015
3382,12420
3383,7057
3385,1978
3386,11898
3388,11134
3389,9761
3391,10235
3392,1160
3394,9585
3395,3438
3397,6465
3398,13747
3400,15895
3401,16247
3403,14909
3404,14579
3406,7492
3407,12463
3409,2943
3410,12192
3412,4082
3413,8135
3415,2606
3416,10113
3418,1139
3419,4771
3421,14488
3422,15005
3424,5460
3425,8114
3427,13795
3428,14578
3430,1992
3431,13997
3433,11857
3434,12429
3436,9806
3437,3444
3439,6223
3440,6387
3442,4656
3443,10468
3445,10145
3446,13073
3448,11055
3449,14212
3451,5250
3452,12224
3454,604
3455,1207
3457,15871
3458,15002
3460,11933
3461,517
3463,7765
3464,12373
3466,1700
3467,5703
3469,8097
3470,11925
3472,10209
3473,105
3475,3981
3476,10249
3478,7865
3479,4827
3481,43
3482,10076
3484,7226
3485,10680
3487,6046
3488,10075
3490,2968
3491,5531
3493,13886
3494,13296
3496,4281
3497,14995
3499,14595
3500,6615
3502,14820
3503,348
3505,9035
3506,4329
3508,16324
3509,12193
3511,4872
3512,12236
3514,5643
3515,2985
3517,7620
3518,9031
3520,8123
3521,11998
3523,9142
3524,9407
3526,6057
3527,13687
3529,8675
3530,11806
3532,6742
3533,10149
3535,4914
3536,2708
3538,13333
3539,2556
3541,10104
3542,7427
3544,475
3545,13069
3547,1525
3548,4213
3550,12650
3551,12335
3553,12829
3554,5000
3556,9827
3557,11057
3559,5344
3560,3256
3562,7476
3563,9998
3565,9956
3566,14911
3568,287
3569,11768
3571,2812
3572,5395
3574,1096
3575,5870
3577,2365
3578,7395
3580,12665
3581,3569
3583,2009
3584,16397
3586,760
3587,9748
3589,13198
3590,15092
3592,4489
3593,6092
3595,5929
3596,16047
3598,10077
3599,16334
3601,303
3602,2670
3604,14432
3605,3765
3607,8678
3608,6130
3610,7136
3611,2318
3613,1452
3614,4327
3616,768
3617,5087
3619,11141
3620,1808
3622,8293
3623,6297
3625,15442
3626,12226
3628,4549
3629,5826
3631,5424
3632,6129
3634,11693
3635,4084
3637,7356
3638,12761
3640,10414
3641,3421
3643,564
3644,4872
3646,7110
3647,5640
3649,6929
3650,305
3652,5363
3653,8598
3655,9889
3656,7563
3658,13984
3659,12112
3661,1462
3662,1059
3664,8084
3665,12752
3667,1995
3668,3632
3670,2036
3671,14045
3673,4395
3674,14608
3676,11081
3677,5242
3679,6376
3680,12171
3682,3480
3683,1057
3685,6879
3686,10945
3688,6029
3689,8453
3691,11004
3692,9915
3694,5631
3695,1522
3697,4342
3698,3517
3700,15814
3701,5552
3703,14230
3704,9947
3706,1043
3707,4551
3709,9971
3710,10927
3712,2727
3713,14406
3715,4081
3716,4809
3718,12997
3719,10837
3721,1073
3722,5365
3724,6683
3725,10995
3727,8569
3728,15337
3730,14087
3731,14674
3733,697
3734,12428
3736,1915
3737,13470
3739,8375
3740,6964
3742,10529
3743,9691
3745,13740
3746,13771
3748,11420
3749,10291
3751,1077
3752,11363
3754,648
3755,1570
3757,1741
3758,10139
3760,6349
3761,7749
3763,34
3764,8446
3766,3665
3767,10360
3769,11847
3770,2258
3772,14479
3773,12787
3775,15041
3776,10050
3778,3935
3779,4994
3781,3666
3782,6071
3784,8761
3785,6719
3787,8375
3788,8459
3790,6849
3791,14808
3793,3521
3794,14842
3796,12621
3797,2030
3799,2238
3800,13876
3802,15295
3803,11878
3805,5090
3806,10442
3808,8656
3809,14377
3811,6036
3812,1566
3814,14779
3815,10327
3817,8615
3818,2226
3820,12589
3821,9074
3823,7836
3824,12595
3826,11529
3827,8739
3829,9105
3830,10977
3832,8938
3833,9795
3835,5082
3836,14885
3838,11275
3839,7065
3841,5987
3842,13100
3844,6769
3845,11402
3847,14270
3848,3540
3850,13754
3851,16129
3853,11570
3854,7489
3856,7751
3857,2541
3859,5961
3860,11645
3862,1572
3863,4107
3865,9060
3866,9188
3868,10514
3869,3987
3871,9868
3872,9973
3874,10788
3875,266
3877,5558
3878,14536
3880,2554
3881,11813
3883,8623
3884,6907
3886,10811
3887,14657
3889,5261
3890,4142
3892,10688
3893,5713
3895,9434
3896,14772
3898,6588
3899,8810
3901,10806
3902,2201
3904,11648
3905,12988
3907,7415
3908,2070
3910,6722
3911,4623
3913,5681
3914,13245
3916,12129
3917,7580
3919,4641
3920,12841
3922,8798
3923,7052
3925,586
3926,9
3928,1561
3929,6596
3931,6522
3932,926
3934,4980
3935,12573
3937,3704
3938,3511
3940,487
3941,10232
3943,9083
3944,15913
3946,8110
3947,11565
3949,5316
3950,16206
3952,6665
3953,8528
3955,13726
3956,9113
3958,2607
3959,10673
3961,297
3962,719
3964,188
3965,5699
3967,13066
3968,9402
3970,11537
3971,9889
3973,14631
3974,2496
3976,14493
3977,10605
3979,5459
3980,15921
3982,9265
3983,6109
3985,3646
3986,3359
3988,14512
3989,5966
3991,15498
3992,6263
3994,933
3995,6450
3997,15416
3998,3040
4000,458
4001,14576
4003,12208
4004,12730
4006,6918
4007,10747
4009,13192
4010,16206
4012,2720
4013,8994
4015,776
4016,12639
4018,7944
4019,10675
4021,9309
4022,9696
4024,11392
4025,10628
4027,2698
4028,9568
4030,3406
4031,10025
4033,14002
4034,5756
4036,10617
4037,12674
4039,1361
4040,9390
4042,8026
4043,12110
4045,4324
4046,12885
4048,3980
4049,4352
4051,9601
4052,13661
4054,5009
4055,8577
4057,6867
4058,11274
4060,11764
4061,14680
4063,14760
4064,12205
4066,14011
4067,6346
4069,7532
4070,7707
4072,782
4073,15732
4075,3026
4076,3579
4078,1432
4079,7559
4081,10513
4082,684
4084,12812
4085,5693
4087,9264
4088,12559
4090,15282
4091,7846
4093,14849
4094,6130
4096,3696
4097,3665
4099,5217
4100,11196
4102,16126
4103,11978
4105,6193
4106,15003
4108,9144
4109,16434
4111,16447
4112,10470
4114,4458
4115,6806
4117,1046
4118,16070
4120,8907
4121,14875
4123,14972
4124,13248
4126,289
4127,468
4129,8427
4130,5684
4132,7796
4133,5334
4135,6420
4136,11526
4138,8623
4139,4193
4141,1909
4142,4163
4144,12354
4145,8620
4147,12015
4148,9666
4150,7759
4151,2096
4153,11348
4154,592
4156,4592
4157,880
4159,1499
4160,9307
4162,9602
4163,627
4165,13207
4166,7046
4168,15337
4169,15669
4171,950
4172,1102
4174,13508
4175,13455
4177,16397
4178,8993
4180,2403
4181,275
4183,3283
4184,11623
4186,936
4187,16214
4189,15532
4190,1237
4192,2860
4193,10839
4195,11998
4196,7569
4198,16185
4199,6430
4201,8088
4202,7380
4204,4155
4205,4411
4207,8841
4208,4332
4210,6716
4211,6734
4213,6687
4214,10016
4216,7250
4217,10952
4219,8692
4220,10007
4222,2965
4223,12867
4225,14340
4226,8388
4228,16286
4229,8096
4231,948
4232,16184
4234,3187
4235,3862
4237,2405
4238,12703
4240,10615
4241,2942
4243,2624
4244,9629
4246,6256
4247,402
4249,9625
4250,9094
4252,14231
4253,12058
4255,13199
4256,9922
4258,3261
4259,9731
4261,16228
4262,10678
4264,3623
4265,13865
4267,11904
4268,16270
4270,8041
4271,10408
4273,10911
4274,13032
4276,7321
4277,2811
4279,14682
4280,12435
4282,15574
4283,10189
4285,12856
4286,6912
4288,2049
4289,10173
4291,15814
4292,9924
4294,12811
4295,13547
4297,13669
4298,8974
4300,10753
4301,538
4303,10779
4304,11448
4306,3958
4307,2293
4309,14015
4310,498
4312,213
4313,16071
4315,14944
4316,12451
4318,6645
4319,14499
4321,8077
4322,13837
4324,3711
4325,10171
4327,13209
4328,7363
4330,6025
4331,1639
4333,9248
4334,12418
4336,9026
4337,16375
4339,11615
4340,13913
4342,10163
4343,14126
4345,2423
4346,12593
4348,1595
4349,2762
4351,10940
4352,10839
4354,13732
4355,14549
4357,13594
4358,11282
4360,5954
4361,830
4363,15328
4364,10077
4366,3197
4367,2627
4369,9835
4370,14241
4372,494
4373,7927
4375,7225
4376,10350
4378,9929
4379,11944
4381,10656
4382,6407
4384,8743
4385,3663
4387,524
4388,780
4390,16144
4391,6734
4393,451
4394,5585
4396,13652
4397,8782
4399,10275
4400,2141
4402,4334
4403,2635
4405,12519
4406,9859
4408,345
4409,3311
4411,7408
4412,13966
4414,8834
4415,6233
4417,8333
4418,6756
4420,2636
4421,6424
4423,14246
4424,6875
4426,2979
4427,4050
4429,10815
4430,14324
4432,16415
4433,2182
4435,13466
4436,14701
4438,4389
4439,15045
4441,7257
4442,5977
4444,55
4445,14811
4447,12991
4448,6667
4450,10231
4451,9303
4453,14204
4454,7072
4456,7286
4457,10050
4459,9150
4460,4389
4462,13155
4463,4327
4465,3317
4466,1316
4468,3339
4469,5705
4471,6671
4472,12961
4474,7492
4475,13015
4477,14546
4478,9530
4480,11880
4481,3284
4483,15637
4484,1011
4486,9793
4487,8297
4489,7998
4490,971
4492,4052
4493,14125
4495,2287
4496,966
4498,15222
4499,4304
4501,10251
4502,10974
4504,11256
4505,1990
4507,10595
4508,59
4510,125
4511,11939
4513,15433
4514,11099
4516,4861
4517,4415
4519,4338
4520,12413
4522,8204
4523,16465
4525,16396
4526,2275
4528,9428
4529,1021
4531,8164
4532,11271
4534,3384
4535,6051
4537,11619
4538,169
4540,12907
4541,294
4543,1002
4544,15727
4546,6585
4547,4111
4549,3987
4550,8449
4552,2361
4553,176
4555,14858
4556,96
4558,11845
4559,9524
4561,13136
4562,1211
4564,8924
4565,4594
4567,6702
4568,16213
4570,4538
4571,12643
4573,14313
4574,13645
4576,2234
4577,3753
4579,11046
4580,7740
4582,15795
4583,10100
4585,4056
4586,8482
4588,11067
4589,3851
4591,2623
4592,511
4594,5450
4595,9434
4597,14327
4598,16135
4600,6897
4601,4197
4603,16237
4604,2033
4606,8350
4607,4267
4609,4575
4610,15312
4612,9247
4613,14630
4615,14096
4616,2209
4618,2564
4619,13276
4621,555
4622,15899
4624,16233
4625,4873
4627,3552
4628,2724
4630,7083
4631,9620
4633,6782
4634,9381
4636,3649
4637,1255
4639,4269
4640,5829
4642,12629
4643,15075
4645,14612
4646,12695
4648,8601
4649,15258
4651,6441
4652,15813
4654,4791
4655,15569
4657,12574
4658,2644
4660,3540
4661,9727
4663,15179
4664,33
4666,12374
4667,3681
4669,13836
4670,7950
4672,14133
4673,4102
4675,12584
4676,2238
4678,13243
4679,10839
4681,10703
4682,803
4684,7584
4685,5593
4687,9339
4688,1691
4690,13816
4691,5230
4693,11437
4694,3933
4696,1962
4697,16307
4699,10217
4700,13666
4702,7824
4703,11323
4705,4030
4706,7430
4708,12930
4709,4196
4711,4136
4712,14899
4714,11155
4715,6006
4717,789
4718,15344
4720,9544
4721,12684
4723,11549
4724,7644
4726,13587
4727,9605
4729,2829
4730,3345
4732,21
4733,11169
4735,1314
4736,15198
4738,4845
4739,11652
4741,2738
4742,15788
4744,1435
4745,10466
4747,5724
4748,11255
4750,11704
4751,4323
4753,6437
4754,15871
4756,5103
4757,12981
4759,3599
4760,15810
4762,15761
4763,15830
4765,6292
4766,667
4768,4253
4769,5512
4771,6410
4772,8250
4774,6989
4775,9684
4777,13573
4778,15408
4780,2550
4781,10635
4783,4209
4784,596
4786,13512
4787,5699
4789,15943
4790,9297
4792,5244
4793,8582
4795,5712
4796,14873
4798,4902
4799,2650
4801,15744
4802,9059
4804,9422
4805,16047
4807,13565
4808,13144
4810,12487
4811,15693
4813,15732
4814,3426
4816,1895
4817,461
4819,1038
4820,16404
4822,15991
4823,5171
4825,13821
4826,10883
4828,12318
4829,15785
4831,16326
4832,15052
4834,12108
4835,7998
4837,1096
4838,5086
4840,5492
4841,1097
4843,4047
4844,352
4846,3197
4847,2246
4849,8045
4850,3284
4852,5714
4853,2799
4855,11964
4856,144
4858,136
4859,12462
4861,7432
4862,12312
4864,7312
4865,7943
4867,6763
4868,9039
4870,2880
4871,14530
4873,14691
4874,2101
4876,13451
4877,5297
4879,12672
4880,13342
4882,11821
4883,2579
4885,16140
4886,14543
4888,14867
4889,14678
4891,12901
4892,5634
4894,9511
4895,12946
4897,14118
4898,3232
4900,7335
4901,6112
4903,1649
4904,4327
4906,12791
4907,1301
4909,9703
4910,13972
4912,9899
4913,9316
4915,12893
4916,8980
4918,16031
4919,7370
4921,15154
4922,3795
4924,10112
4925,13305
4927,13012
4928,10947
4930,8475
4931,1806
4933,1991
4934,3454
4936,14083
4937,16245
4939,14997
4940,9472
4942,12775
4943,2894
4945,13133
4946,15787
4948,11557
4949,15341
4951,8183
4952,14018
4954,10443
4955,7654
4957,9172
4958,4190
4960,11133
4961,12664
4963,2730
4964,14655
4966,15129
4967,12262
4969,12353
4970,10782
4972,7072
4973,7080
4975,11107
4976,3737
4978,7645
4979,15293
4981,11554
4982,6999
4984,2780
4985,965
4987,7311
4988,10137
4990,6313
4991,4794
4993,7120
4994,7524
4996,11380
4997,6176
4999,15410
5000,2052
5002,12434
5003,9123
5005,12352
5006,3753
5008,11580
5009,11398
5011,9673
5012,6475
5014,5307
5015,9255
5017,8595
5018,89
5020,16072
5021,6402
5023,3261
5024,13521
5026,5104
5027,8425
5029,2732
5030,7358
5032,11142
5033,3315
5035,10155
5036,15667
5038,12904
5039,10771
5041,14470
5042,3967
5044,6558
5045,9274
5047,16086
5048,1393
5050,2799
5051,989
5053,10781
5054,4249
5056,9810
5057,9353
5059,15015
5060,12085
5062,5796
5063,6750
5065,5700
5066,429
5068,9357
5069,13333
5071,7935
5072,11326
5074,12988
5075,1408
5077,10819
5078,1017
5080,8739
5081,3816
5083,13060
5084,14596
5086,14425
5087,7930
5089,7739
5090,6469
5092,8409
5093,12265
5095,12395
5096,1489
5098,15571
5099,10845
5101,13041
5102,2303
5104,14478
5105,15291
5107,8712
5108,9633
5110,4339
5111,1895
5113,953
5114,14955
5116,1816
5117,12903
5119,12032
5120,4166
5122,1381
5123,12575
5125,13956
5126,8493
5128,10483
5129,7587
5131,3867
5132,4152
5134,8576
5135,2154
5137,14693
5138,10865
5140,5351
5141,15203
5143,16300
5144,16156
5146,8893
5147,1496
5149,9415
5150,13528
5152,16407
5153,14909
5155,2711
5156,12388
5158,6979
5159,6395
5161,5615
5162,10261
5164,6555
5165,2361
5167,6308
5168,578
5170,15694
5171,5928
5173,10498
5174,5751
5176,3781
5177,14643
5179,9966
5180,7582
5182,3840
5183,7513
5185,10289
5186,10223
5188,8754
5189,726
5191,14805
5192,6341
5194,8533
5195,12895
5197,4413
5198,2726
5200,11158
5201,1944
5203,155
5204,12441
5206,5306
5207,16222
5209,11953
5210,9711
5212,15652
5213,13551
5215,1306
5216,7364
5218,15824
5219,16117
5221,3784
5222,14446
5224,2004
5225,6502
5227,2585
5228,10915
5230,3743
5231,5597
5233,10829
5234,5751
5236,7190
5237,11057
5239,1717
5240,6534
5242,3826
5243,5709
5245,13447
5246,7014
5248,339
5249,6361
5251,4432
5252,10144
5254,14865
5255,12148
5257,5241
5258,14732
5260,14818
5261,1999
5263,9862
5264,12828
5266,871
5267,3541
5269,8102
5270,5258
5272,8568
5273,9083
5275,6108
5276,6054
5278,11012
5279,6392
5281,15556
5282,10824
5284,1593
5285,9213
5287,10609
5288,14453
5290,14062
5291,12794
5293,6636
5294,6180
5296,4960
5297,7051
5299,14341
5300,15152
5302,13778
5303,7244
5305,2447
5306,13351
5308,14606
5309,7886
5311,174
5312,6966
5314,12361
5315,8559
5317,3743
5318,2691
5320,9857
5321,276
5323,1494
5324,6912
5326,5958
5327,11871
5329,13963
5330,9735
5332,10749
5333,7037
5335,142
5336,9484
5338,12063
5339,7614
5341,13901
5342,7787
5344,10086
5345,3671
5347,15483
5348,7413
5350,2380
5351,793
5353,2072
5354,2287
5356,7942
5357,8244
5359,4388
5360,5731
5362,15985
5363,3
5365,1873
5366,144
5368,1112
5369,12207
5371,8236
5372,9632
5374,5851
5375,3241
5377,12023
5378,2247
5380,4409
5381,4627
5383,13548
5384,6698
5386,13121
5387,14640
5389,8090
5390,2551
5392,12793
5393,2060
5395,8056
5396,3932
5398,12802
5399,5043
5401,8686
5402,13279
5404,12355
5405,2653
5407,3219
5408,14676
5410,1495
5411,2609
5413,565
5414,16156
5416,1920
5417,12801
5419,11520
5420,4414
5422,10373
5423,730
5425,9229
5426,8785
5428,8230
5429,5111
5431,2961
5432,13796
5434,7323
5435,9674
5437,14925
5438,12893
5440,8298
5441,14388
5443,6298
5444,14952
5446,10995
5447,396
5449,13856
5450,11915
5452,2792
5453,5812
5455,10263
5456,15041
5458,5190
5459,6794
5461,5159
5462,9754
5464,1931
5465,600
5467,1356
5468,15525
5470,15456
5471,7347
5473,15688
5474,13644
5476,15599
5477,8162
5479,11835
5480,5542
5482,12484
5483,8334
5485,13862
5486,2120
5488,7549
5489,7310
5491,6347
5492,12468
1,15352
2,2463
4,15952
5,8254
7,15000
8,10462
10,5870
11,10580
13,3038
14,9175
16,11200
17,8165
19,265
20,2594
22,8598
23,2835
25,10718
26,1639
28,1551
29,7237
31,14019
32,6112
34,11941
35,5587
37,11219
38,4111
40,9476
41,9981
43,6944
44,13018
46,3535
47,7741
49,11959
50,8006
52,16391
53,127
55,1732
56,10845
58,11098
59,12395
61,10334
62,9938
64,12033
65,5403
67,5509
68,145
70,9447
71,9621
73,7488
74,88
76,14705
77,3622
79,13609
80,15581
82,15108
83,15496
85,2965
86,752
88,8936
89,11850
91,5668
92,5707
94,8511
95,1263
97,465
98,6772
100,13006
101,16218
103,2575
104,7230
106,5161
107,5458
109,15488
110,2591
112,869
113,1222
115,2852
116,4187
118,15679
119,13122
121,7950
122,2314
124,10158
125,10824
127,1292
128,11289
130,9046
131,7818
133,9945
134,10392
136,10932
137,15553
139,15540
140,14565
142,2777
143,15433
145,5510
146,1809
148,8994
149,1011
151,7851
152,8961
154,12415
155,2642
157,1765
158,3933
160,14363
161,12979
163,10226
164,6448
166,13318
167,903
169,5392
170,16442
172,57
173,2743
175,12419
176,8252
178,12492
179,769
181,9210
182,8620
184,8241
185,4558
187,1621
188,6323
190,6288
191,4209
193,2297
194,14434
196,8698
197,11276
199,14176
200,192
202,1266
203,248
205,3789
206,12667
208,8120
209,8683
211,13462
212,1416
214,11288
215,9657
217,11756
218,11277
220,16156
221,1089
223,583
224,3385
226,7934
227,12083
229,16186
230,9782
232,7928
233,11048
235,2412
236,14836
238,5148
239,6480
241,8652
242,3466
244,4300
245,14754
247,4505
248,10033
250,11033
251,9713
253,5294
254,10296
256,13988
257,1753
259,1006
260,1462
262,4691
263,9390
265,8624
266,11802
268,8748
269,473
271,1078
272,9125
274,11300
275,13425
277,14703
278,1453
280,12906
281,12486
283,12197
284,1303
286,14873
287,15291
289,13156
290,16296
292,4744
293,4510
295,7379
296,13134
298,8375
299,5406
301,15849
302,6484
304,10313
305,1308
307,3054
308,16010
310,5828
311,12439
313,1838
314,8160
316,8143
317,6557
319,16200
320,3236
322,9243
323,7980
325,11676
326,15359
328,9434
329,7257
331,7665
332,6630
334,15020
335,467
337,2848
338,3520
340,8604
341,9348
343,10370
344,11185
346,13438
347,2851
349,15321
350,2575
352,547
353,11818
355,6759
356,7017
358,9629
359,16450
361,1428
362,7638
364,16187
365,6182
367,15778
368,9029
370,14902
371,1156
373,9989
374,11526
376,13235
377,8488
379,6562
380,7332
382,3125
383,7879
385,7667
386,14637
388,11091
389,7789
391,5295
392,9217
394,6129
395,8928
397,7428
398,8229
400,12248
401,6654
403,9939
404,166
406,2338
407,13401
409,14064
410,3487
412,11889
413,6612
415,5054
416,14278
418,5236
419,8893
421,5391
422,14187
424,13183
425,3840
427,10681
428,11267
430,732
431,7039
433,8414
434,501
436,11146
437,2839
439,5889
440,426
442,7964
443,12314
445,1441
446,892
448,9555
449,6127
451,8982
452,11517
454,1150
455,8224
457,2244
458,2429
460,11567
461,3160
463,11068
464,11573
466,10734
467,6243
469,7325
470,12131
472,7403
473,3618
475,14091
476,5058
478,2106
479,14613
481,15488
482,7119
484,10106
485,8268
487,8562
488,10512
490,1810
491,5603
493,2095
494,194
496,2882
497,10928
499,6506
500,1776
502,10556
503,9179
505,10443
506,6794
508,11222
509,8899
511,1650
512,7910
514,3596
515,1539
517,13765
518,10101
520,9886
521,11910
523,9167
524,14005
526,3544
527,410
529,4164
530,6915
532,438
533,994
535,329
536,11437
538,5278
539,6182
541,8364
542,7832
544,2091
545,11428
547,4087
548,8716
550,118
551,2125
553,1751
554,11291
556,3577
557,14835
559,16331
560,2522
562,14385
563,2959
565,5141
566,3288
568,2690
569,8565
571,9137
572,452
574,7018
575,2543
577,6439
578,6630
580,15959
581,6747
583,4437
584,8497
586,6920
587,12074
589,9812
590,11928
592,3142
593,9837
595,13943
596,14977
598,3228
599,1191
601,15171
602,10328
604,1993
605,870
607,243
608,7308
610,7208
611,6790
613,16297
614,11227
616,3725
617,1671
619,5988
620,11482
622,10772
623,14624
625,2038
626,12090
628,13068
629,15317
631,16187
632,14012
634,3282
635,16004
637,9396
638,16247
640,5663
641,6978
643,8676
644,6799
646,3710
647,10524
649,10816
650,35
652,13375
653,10806
655,9294
656,12844
658,3713
659,9436
661,15800
662,9147
664,5261
665,12428
667,12067
668,5348
670,9705
671,11010
673,14133
674,3209
676,13311
677,6918
679,14160
680,1258
682,10013
683,14632
685,4014
686,7449
688,10104
689,11162
691,15036
692,10485
694,1026
695,15746
697,3020
698,11337
700,4784
701,4565
703,13526
704,2221
706,12591
707,15532
709,5703
710,13215
712,15326
713,6752
715,2803
716,10766
718,3124
719,4394
721,12880
722,2953
724,15306
725,3978
727,13684
728,6997
730,934
731,11781
733,15668
734,8830
736,659
737,4945
739,9043
740,10647
742,2209
743,9497
745,10006
746,12299
748,8776
749,15422
751,2232
752,11825
754,6172
755,10655
757,9382
758,7863
760,7452
761,8796
763,10086
764,7988
766,14942
767,8647
769,2377
770,1213
772,3026
773,3422
775,10427
776,13427
778,12117
779,5726
781,1724
782,7958
784,10759
785,14130
787,7296
788,7035
790,10829
791,14487
793,9666
794,8097
796,857
797,6562
799,13468
800,8938
802,3774
803,11964
805,3575
806,5915
808,15676
809,1555
811,10246
812,3279
814,165
815,14037
817,739
818,4856
820,9176
821,15684
823,9932
824,8874
826,2200
827,9730
829,3114
830,6722
832,5241
833,10495
835,10788
836,14070
838,13287
839,13269
841,5035
842,7039
844,4740
845,7204
847,2098
848,7943
850,6492
851,642
853,8895
854,10573
856,2920
857,12773
859,3505
860,15886
862,13029
863,4650
865,1564
866,15438
868,12490
869,12248
871,8494
872,806
874,7777
875,5545
877,4621
878,7643
880,6320
881,14135
883,7228
884,6554
886,532
887,9473
889,3567
890,12977
892,13323
893,9530
895,621
896,11094
898,1989
899,7107
901,150
902,15601
904,5349
905,6902
907,1276
908,11522
910,5144
911,1366
913,9655
914,8593
916,8262
917,9125
919,3165
920,12692
922,13953
923,9538
925,12915
926,10159
928,10838
929,12147
931,4532
932,12296
934,15508
935,1169
937,15553
938,2444
940,6764
941,7588
943,12110
944,766
946,7533
947,9027
949,12428
950,12192
952,13823
953,9668
955,8273
956,6107
958,13815
959,469
961,9988
962,5001
964,5286
965,4032
967,7485
968,3108
970,4730
971,9872
973,3340
974,5505
976,10543
977,13038
979,10394
980,8989
982,6460
983,6336
985,12064
986,14608
988,11350
989,11947
991,6307
992,5458
994,13559
995,10744
997,5504
998,1753
1000,16369
1001,6482
1003,1868
1004,9822
1006,4609
1007,3888
1009,16376
1010,14282
1012,7383
1013,4265
1015,8057
1016,16328
1018,14838
1019,11201
1021,5611
1022,1031
1024,1385
1025,14590
1027,1190
1028,3618
1030,4103
1031,3510
1033,412
1034,5378
1036,2225
1037,9986
1039,600
1040,9886
1042,7962
1043,792
1045,5184
1046,8849
1048,537
1049,7211
1051,7836
1052,12822
1054,4117
1055,14206
1057,11142
1058,15395
1060,3443
1061,3022
1063,2226
1064,3433
1066,10831
1067,5658
1069,6847
1070,6257
1072,669
1073,14219
1075,15231
1076,2927
1078,13168
1079,3463
1081,5830
1082,11299
1084,15999
1085,15416
1087,7805
1088,10082
1090,3229
1091,13524
1093,2163
1094,15750
1096,6474
1097,10105
1099,4294
1100,476
1102,12001
1103,1144
1105,4023
1106,16374
1108,4893
1109,13066
1111,12974
1112,2420
1114,924
1115,1942
1117,3080
1118,9747
1120,4154
1121,12976
1123,8249
1124,15138
1126,15777
1127,5135
1129,12486
1130,9429
1132,15452
1133,4953
1135,16159
1136,8975
1138,3317
1139,13868
1141,10414
1142,10366
1144,12333
1145,11290
1147,13192
1148,14369
1150,7657
1151,2046
1153,15645
1154,10295
1156,6431
1157,9596
1159,7321
1160,5605
1162,8687
1163,4581
1165,11195
1166,4263
1168,13602
1169,7580
1171,12597
1172,1517
1174,14012
1175,13850
1177,893
1178,10565
1180,13995
1181,1745
1183,7121
1184,914
1186,15385
1187,7344
1189,12306
1190,14665
1192,2181
1193,6875
1195,13484
1196,1594
1198,809
1199,15195
1201,2002
1202,11316
1204,13561
1205,8852
1207,3457
1208,9744
1210,7722
1211,7263
1213,14032
1214,14383
1216,14162
1217,13291
1219,7410
1220,9121
1222,6264
1223,11302
1225,9698
1226,8309
1228,918
1229,9117
1231,16194
1232,11119
1234,35
1235,8203
1237,14200
1238,11660
1240,5978
1241,2905
1243,15977
1244,461
1246,10414
1247,14622
1249,12194
1250,5556
1252,12162
1253,11820
1255,2529
1256,5041
1258,10966
1259,5959
1261,1645
1262,5676
1264,3640
1265,5710
1267,14487
1268,3434
1270,2124
1271,9412
1273,13500
1274,8913
1276,6306
1277,2850
1279,12404
1280,15043
1282,11147
1283,10729
1285,4714
1286,13258
1288,6590
1289,7747
1291,1107
1292,9392
1294,6743
1295,13032
1297,4105
1298,11042
1300,13127
1301,13166
1303,8578
1304,10189
1306,4489
1307,19
1309,15021
1310,12422
1312,14634
1313,7092
1315,9590
1316,11806
1318,9586
1319,1920
1321,15540
1322,3027
1324,10695
1325,9770
1327,11559
1328,13875
1330,15857
1331,10525
1333,13090
1334,2626
1336,2760
1337,7114
1339,11755
1340,5659
1342,2842
1343,3817
1345,4656
1346,13406
1348,3252
1349,6515
1351,9595
1352,5579
1354,8854
1355,16273
1357,4668
1358,11356
1360,11523
1361,10736
1363,15068
1364,7350
1366,12325
1367,10109
1369,9600
1370,5388
1372,2821
1373,8230
1375,3133
1376,12886
1378,15252
1379,16137
1381,12814
1382,9256
1384,13402
1385,1633
1387,7284
1388,6300
1390,15039
1391,1347
1393,368
1394,16414
1396,4798
1397,12263
1399,16342
1400,5386
1402,593
1403,8206
1405,5135
1406,11339
1408,6607
1409,10115
1411,14593
1412,6452
1414,11682
1415,3377
1417,8568
1418,10661
1420,333
1421,9224
1423,2834
1424,9591
1426,12684
1427,14389
1429,16167
1430,14254
1432,8562
1433,14846
1435,9186
1436,3505
1438,6219
1439,10111
1441,2913
1442,8228
1444,8863
1445,3434
1447,16445
1448,12002
1450,13852
1451,12334
1453,12605
1454,15168
1456,11296
1457,11376
1459,5772
1460,11067
1462,5635
1463,3153
1465,13703
1466,12338
1468,158
1469,2081
1471,13203
1472,4994
1474,16223
1475,13857
1477,6144
1478,13825
1480,6726
1481,11201
1483,55
1484,7329
1486,2974
1487,2148
1489,3805
1490,7920
1492,2414
1493,13554
1495,15869
1496,10781
1498,16351
1499,10938
1501,10468
1502,7665
1504,12813
1505,7411
1507,2115
1508,13555
1510,3418
1511,3804
1513,578
1514,3858
1516,12907
1517,6832
1519,3658
1520,10637
1522,5476
1523,13051
1525,10446
1526,12443
1528,11278
1529,12318
1531,14191
1532,6310
1534,5621
1535,2646
1537,10907
1538,4761
1540,13542
1541,8178
1543,10901
1544,8756
1546,15589
1547,5186
1549,5948
1550,8844
1552,4226
1553,14320
1555,16059
1556,8290
1558,5719
1559,3091
1561,6317
1562,805
1564,14579
1565,6426
1567,13776
1568,856
1570,10051
1571,14397
1573,10130
1574,8821
1576,14068
1577,7934
1579,8360
1580,13881
1582,13289
1583,1630
1585,14793
1586,1213
1588,12263
1589,6931
1591,5575
1592,13248
1594,5197
1595,11350
1597,7464
1598,8650
1600,14492
1601,2224
1603,13221
1604,12354
1606,4228
1607,9945
1609,422
1610,1829
1612,5458
1613,15118
1615,8337
1616,13434
1618,3029
1619,9221
1621,813
1622,14796
1624,15877
1625,3516
1627,4414
1628,10979
1630,10283
1631,8995
1633,14072
1634,5739
1636,10206
1637,9967
1639,14274
1640,10388
1642,15745
1643,15845
1645,2370
1646,7706
1648,6684
1649,10734
1651,1452
1652,11547
1654,9467
1655,10947
1657,12356
1658,15360
1660,7417
1661,9166
1663,4703
1664,6762
1666,14342
1667,492
1669,973
1670,14765
1672,5909
1673,14033
1675,9486
1676,16403
1678,10021
1679,6611
1681,3300
1682,8062
1684,11374
1685,1052
1687,6487
1688,13408
1690,12579
1691,4349
1693,11189
1694,9051
1696,15538
1697,6916
1699,13377
1700,7889
1702,5127
1703,13798
1705,12721
1706,6807
1708,11544
1709,352
1711,4626
1712,3651
1714,9253
1715,15024
1717,8351
1718,5034
1720,6332
1721,1137
1723,13479
1724,12325
1726,10912
1727,11387
1729,8836
1730,8287
1732,5048
1733,13413
1735,15293
1736,9657
1738,8988
1739,4725
1741,9294
1742,9350
1744,1185
1745,2127
1747,10604
1748,10477
1750,478
1751,332
1753,11176
1754,13811
1756,14449
1757,8246
1759,8162
1760,606
1762,9763
1763,5653
1765,8686
1766,4469
1768,14415
1769,13457
1771,4020
1772,6275
1774,13751
1775,7459
1777,5554
1778,1586
1780,2390
1781,2064
1783,362
1784,13240
1786,10660
1787,11212
1789,15867
1790,2898
1792,12886
1793,12660
1795,6840
1796,4870
1798,10452
1799,2809
1801,2312
1802,6828
1804,3522
1805,4103
1807,6858
1808,9656
1810,4193
1811,12046
1813,1861
1814,12408
1816,13338
1817,6591
1819,110
1820,5982
1822,3962
1823,2391
1825,13467
1826,9231
1828,10965
1829,3206
1831,5443
1832,5518
1834,6196
1835,9039
1837,14407
1838,15896
1840,7728
1841,3613
1843,3113
1844,5473
1846,11737
1847,2335
1849,15097
1850,2444
1852,4878
1853,6406
1855,7319
1856,3396
1858,14629
1859,14360
1861,8271
1862,3327
1864,8742
1865,9522
1867,13314
1868,7453
1870,11067
1871,15181
1873,4389
1874,1817
1876,10119
1877,13554
1879,5963
1880,12174
1882,7789
1883,575
1885,12005
1886,7893
1888,8976
1889,6046
1891,9153
1892,14317
1894,14847
1895,6582
1897,13103
1898,3420
1900,10779
1901,14486
1903,12068
1904,2399
1906,2353
1907,12517
1909,11449
1910,2003
1912,6512
1913,9791
1915,7981
1916,5320
1918,12845
1919,14295
1921,15592
1922,6972
1924,5190
1925,5342
1927,4309
1928,1969
1930,10880
1931,12748
1933,16155
1934,8340
1936,6772
1937,10692
1939,10941
1940,5664
1942,10807
1943,12176
1945,11248
1946,3680
1948,3106
1949,49
1951,1009
1952,15640
1954,13228
1955,4353
1957,15552
1958,8662
1960,4819
1961,3065
1963,8572
1964,2744
1966,14723
1967,9515
1969,438
1970,3979
1972,4632
1973,14786
1975,2141
1976,9558
1978,4970
1979,12664
1981,5617
1982,13672
1984,13236
1985,10423
1987,9720
1988,9498
1990,8173
1991,14317
1993,2898
1994,6412
1996,5962
1997,4659
1999,3242
2000,5097
2002,6185
2003,9728
2005,4828
2006,11869
2008,7151
2009,362
2011,9521
2012,5979
2014,11055
2015,2738
2017,466
2018,12458
2020,15015
2021,4154
2023,16152
2024,7052
2026,3556
2027,13014
2029,475
2030,16255
2032,1372
2033,5964
2035,580
2036,10792
2038,9345
2039,1466
2041,14297
2042,10986
2044,16444
2045,5565
2047,12539
2048,6031
2050,1655
2051,4569
2053,5087
2054,4244
2056,14932
2057,7799
2059,12959
2060,8273
2062,16082
2063,9645
2065,12457
2066,10224
2068,4224
2069,3093
2071,12830
2072,913
2074,10938
2075,881
2077,11783
2078,13419
2080,8610
2081,15073
2083,9590
2084,3684
2086,1146
2087,2140
2089,5715
2090,15098
2092,10063
2093,14704
2095,3898
2096,10684
2098,8525
2099,14907
2101,14617
2102,11261
2104,15219
2105,5722
2107,4910
2108,1029
2110,631
2111,9638
2113,921
2114,2751
2116,5455
2117,3896
2119,1311
2120,9611
2122,5441
2123,3197
2125,2739
2126,7094
2128,10261
2129,15619
2131,4399
2132,13760
2134,15926
2135,12503
2137,11858
2138,937
2140,4732
2141,1567
2143,12679
2144,2488
2146,7833
2147,7942
2149,5128
2150,9253
2152,1043
2153,14693
2155,11662
2156,955
2158,12
2159,11216
2161,3269
2162,15615
2164,1311
2165,15064
2167,5073
2168,10445
2170,9865
2171,15177
2173,7818
2174,11379
2176,8521
2177,2736
2179,13121
2180,7863
2182,10854
2183,8905
2185,11783
2186,4091
2188,3331
2189,4103
2191,10497
2192,7372
2194,14947
2195,8682
2197,15423
2198,13755
2200,359
2201,7143
2203,3338
2204,14960
2206,8805
2207,7005
2209,5737
2210,3649
2212,11922
2213,14502
2215,16323
2216,9809
2218,5203
2219,13139
2221,5299
2222,7160
2224,4532
2225,5630
2227,2354
2228,4577
2230,10620
2231,4935
2233,1111
2234,8273
2236,2979
2237,602
2239,7583
2240,6338
2242,3572
2243,1784
2245,8467
2246,1630
2248,976
2249,6833
2251,14063
2252,12131
2254,1570
2255,186
2257,14233
2258,2540
2260,7699
2261,13159
2263,8307
2264,14269
2266,7399
2267,772
2269,13494
2270,8354
2272,6762
2273,11926
2275,14531
2276,3916
2278,15633
2279,4892
2281,13397
2282,2478
2284,1846
2285,4047
2287,12400
2288,1804
2290,11054
2291,9502
2293,14644
2294,1333
2296,10030
2297,8731
2299,6017
2300,5749
2302,8342
2303,12510
2305,12450
2306,10564
2308,1712
2309,9721
2311,14282
2312,6641
2314,6030
2315,8487
2317,14440
2318,4410
2320,8913
2321,15463
2323,69
2324,13630
2326,5494
2327,7184
2329,11690
2330,13200
2332,9765
2333,5065
2335,3288
2336,1039
2338,728
2339,2750
2341,3058
2342,556
2344,7866
2345,6585
2347,245
2348,4548
2350,10903
2351,13461
2353,14588
2354,13529
2356,3128
2357,2547
2359,399
2360,14237
2362,3418
2363,7525
2365,2471
2366,10813
2368,12087
2369,11540
2371,14948
2372,14597
2374,7973
2375,5987
2377,9485
2378,6231
2380,15406
2381,658
2383,3838
2384,15245
2386,5900
2387,1897
2389,15145
2390,2295
2392,4637
2393,5713
2395,15670
2396,8183
2398,11266
2399,3794
2401,9611
2402,2265
2404,8512
2405,10238
2407,13997
2408,3247
2410,7553
2411,2176
2413,14570
2414,6014
2416,2164
2417,11913
2419,8780
2420,10581
2422,13156
2423,15218
2425,8581
2426,14412
2428,14818
2429,9201
2431,16119
2432,2336
2434,15540
2435,10847
2437,4472
2438,8367
2440,16111
2441,15920
2443,11931
2444,14013
2446,6520
2447,16177
2449,3005
2450,8480
2452,1786
2453,5160
2455,6279
2456,13740
2458,2478
2459,12082
2461,2471
2462,11725
2464,4730
2465,10788
2467,749
2468,15260
2470,15
2471,14894
2473,1457
2474,10348
2476,8913
2477,392
2479,11805
2480,3396
2482,8803
2483,5181
2485,4542
2486,11460
2488,14692
2489,13937
2491,1090
2492,16408
2494,6301
2495,4661
2497,5882
2498,5410
2500,13829
2501,5425
2503,4744
2504,6882
2506,9672
2507,15795
2509,14300
2510,11123
2512,10931
2513,3450
2515,12722
2516,7991
2518,11777
2519,6206
2521,6437
2522,7296
2524,12821
2525,13596
2527,13518
2528,3001
2530,12997
2531,354
2533,10893
2534,5097
2536,2661
2537,14769
2539,11296
2540,12593
2542,6851
2543,7048
2545,7587
2546,3293
2548,3305
2549,15070
2551,12961
2552,5030
2554,6072
2555,1375
2557,3845
2558,14892
2560,7027
2561,11412
2563,15633
2564,5829
2566,14645
2567,8489
2569,12975
2570,3309
2572,5951
2573,10159
2575,2377
2576,1269
2578,6793
2579,4574
2581,938
2582,1058
2584,2378
2585,7130
2587,938
2588,10974
2590,2498
2591,1524
2593,4412
2594,681
2596,11422
2597,15325
2599,249
2600,11823
2602,1668
2603,1298
2605,10134
2606,3674
2608,5417
2609,10467
2611,15769
2612,11404
2614,14675
2615,13782
2617,14955
2618,14719
2620,13651
2621,741
2623,7283
2624,5152
2626,6743
2627,98
2629,14692
2630,346
2632,9473
2633,2014
2635,14411
2636,12148
2638,4143
2639,1088
2641,14923
2642,381
2644,10285
2645,15056
2647,12776
2648,13535
2650,9766
2651,10710
2653,8279
2654,1516
2656,7473
2657,8259
2659,5515
2660,6474
2662,15380
2663,15946
2665,10066
2666,13881
2668,8426
2669,1547
2671,776
2672,16470
2674,4529
2675,10278
2677,5588
2678,6578
2680,4889
2681,16343
2683,4931
2684,8146
2686,10125
2687,15618
2689,15416
2690,4657
2692,4577
2693,3560
2695,12227
2696,13626
2698,15548
2699,5575
2701,3481
2702,6350
2704,8270
2705,10879
2707,11639
2708,16466
2710,12067
2711,4879
2713,6727
2714,9810
2716,2903
2717,3458
2719,7337
2720,2398
2722,1769
2723,6975
2725,12147
2726,2725
2728,3453
2729,1797
2731,12782
2732,5277
2734,5629
2735,13547
2737,8752
2738,8710
2740,1976
2741,4300
2743,11544
2744,11026
2746,12780
2747,13929
2749,13157
2750,4790
2752,1715
2753,6559
2755,10308
2756,2229
2758,16051
2759,5682
2761,10892
2762,1988
2764,12082
2765,7616
2767,7675
2768,16368
2770,3257
2771,1868
2773,3717
2774,13411
2776,13987
2777,9714
2779,11238
2780,6395
2782,10887
2783,8109
2785,1034
2786,1941
2788,10382
2789,1515
2791,5050
2792,12407
2794,4994
2795,8012
2797,2009
2798,15687
2800,7733
2801,2467
2803,1280
2804,6184
2806,5854
2807,3694
2809,7879
2810,14931
2812,14694
2813,9342
2815,11591
2816,10375
2818,10717
2819,4280
2821,15525
2822,9330
2824,5845
2825,14323
2827,3781
2828,16332
2830,1607
2831,7589
2833,1301
2834,8869
2836,14405
2837,14722
2839,4271
2840,6124
2842,531
2843,4342
2845,4899
2846,15933
2848,11208
2849,10173
2851,2556
2852,9222
2854,6310
2855,15067
2857,1599
2858,2371
2860,12575
2861,3978
2863,9542
2864,5278
2866,12692
2867,3207
2869,3059
2870,7478
2872,8357
2873,8008
2875,6521
2876,12907
2878,15059
2879,7638
2881,11401
2882,10194
2884,595
2885,27
2887,4113
2888,1626
2890,7487
2891,14201
2893,1973
2894,7266
2896,5327
2897,3482
2899,6926
2900,6540
2902,14650
2903,14897
2905,10238
2906,4942
2908,5283
2909,3524
2911,10500
2912,14924
2914,8464
2915,15519
2917,5017
2918,3156
2920,3940
2921,10642
2923,6841
2924,12615
2926,15020
2927,1465
2929,9929
2930,8391
2932,12317
2933,6564
2935,6235
2936,326
2938,13061
2939,5608
2941,11048
2942,16108
2944,2752
2945,8095
2947,10959
2948,13112
2950,4316
2951,576
2953,11874
2954,7416
2956,10221
2957,5960
2959,12049
2960,15889
2962,3941
2963,11729
2965,10730
2966,1488
2968,5985
2969,14548
2971,4762
2972,9119
2974,1988
2975,11871
2977,14731
2978,6354
2980,14155
2981,10670
2983,7744
2984,6067
2986,13948
2987,16287
2989,5140
2990,11860
2992,4723
2993,15801
2995,10870
2996,10055
2998,866
2999,16039
3001,12947
3002,4324
3004,8183
3005,6311
3007,11514
3008,4566
3010,11481
3011,2245
3013,12022
3014,9989
3016,3504
3017,7460
3019,944
3020,12600
3022,14273
3023,847
3025,6378
3026,11716
3028,16446
3029,12582
3031,8110
3032,9052
3034,8891
3035,759
3037,5068
3038,12272
3040,7597
3041,7276
3043,4320
3044,2822
3046,7109
3047,6325
3049,9709
3050,7269
3052,7692
3053,5066
3055,4999
3056,11443
3058,12360
3059,11413
3061,2808
3062,3046
3064,14056
3065,11937
3067,15138
3068,528
3070,4311
3071,8125
3073,12203
3074,12445
3076,13608
3077,3077
3079,5997
3080,12786
3082,10985
3083,4001
3085,343
3086,8999
3088,1417
3089,4883
3091,15073
3092,7691
3094,4828
3095,5270
3097,11819
3098,3932
3100,14605
3101,8242
3103,8191
3104,3968
3106,4598
3107,1100
3109,7331
3110,7096
3112,856
3113,1605
3115,15923
3116,1947
3118,9480
3119,3364
3121,14450
3122,1960
3124,5990
3125,6788
3127,9467
3128,2130
3130,13471
3131,258
3133,9124
3134,8448
3136,746
3137,13046
3139,11920
3140,3901
3142,2927
3143,4757
3145,14411
3146,4203
3148,1942
3149,13682
3151,10831
3152,11656
3154,10936
3155,1170
3157,16309
3158,10636
3160,9138
3161,7630
3163,10209
3164,278
3166,15247
3167,1023
3169,4909
3170,12943
3172,1666
3173,15869
3175,28
3176,13804
3178,337
3179,15745
3181,4009
3182,10100
3184,9640
3185,4559
3187,5582
3188,4392
3190,3654
3191,13530
3193,1983
3194,7262
3196,8760
3197,6032
3199,12107
3200,10941
3202,2878
3203,12606
3205,14881
3206,12634
3208,14611
3209,12971
3211,11547
3212,503
3214,3662
3215,10143
3217,13422
3218,15724
3220,866
3221,2902
3223,12415
3224,4884
3226,7766
3227,13644
3229,4140
3230,9274
3232,13456
3233,12152
3235,5689
3236,10557
3238,11725
3239,8691
3241,555
3242,3762
3244,15959
3245,7423
3247,2971
3248,4368
3250,10850
3251,5233
3253,15783
3254,1172
3256,11501
3257,8938
3259,13251
3260,13077
3262,9466
3263,10057
3265,1810
3266,15745
3268,6788
3269,10994
3271,8261
3272,11548
3274,10236
3275,11031
3277,5878
3278,14001
3280,767
3281,8375
3283,15033
3284,7681
3286,1231
3287,2706
3289,1073
3290,15957
3292,10188
3293,8946
3295,14978
3296,10755
3298,13849
3299,1067
3301,4935
3302,9327
3304,16258
3305,3087
3307,2052
3308,8964
3310,8689
3311,9731
3313,4082
3314,8288
3316,648
3317,9519
3319,6151
3320,10591
3322,8254
3323,4302
3325,3938
3326,2804
3328,15366
3329,177
3331,4836
3332,5112
3334,5853
3335,4894
3337,1426
3338,6945
3340,10999
3341,15633
3343,12470
3344,3239
3346,5146
3347,3887
3349,528
3350,10037
3352,11866
3353,1814
3355,15673
3356,5751
3358,13759
3359,4641
3361,12912
3362,9476
3364,4915
3365,15329
3367,6
3368,278
3370,4060
3371,11276
3373,1369
3374,7270
3376,6965
3377,12415
3379,5603
3380,12943
3382,14832
3383,8332
3385,11887
3386,7528
3388,11745
3389,4810
3391,11780
3392,1246
3394,451
3395,6161
3397,10492
3398,6166
3400,11001
3401,10225
3403,10667
3404,11594
3406,13572
3407,2082
3409,3887
3410,7685
3412,4239
3413,6041
3415,6404
3416,1451
3418,14320
3419,13195
3421,10400
3422,8499
3424,15955
3425,8950
3427,3886
3428,2965
3430,8571
3431,13965
3433,8054
3434,8156
3436,14807
3437,5251
3439,1023
3440,9138
3442,180
3443,13376
3445,7670
3446,3304
3448,6211
3449,1147
3451,9561
3452,11546
3454,14157
3455,11025
3457,8437
3458,14911
3460,8882
3461,7005
3463,3077
3464,15059
3466,8864
3467,13389
3469,257
3470,14412
3472,15811
3473,14592
3475,4452
3476,5785
3478,11021
3479,11995
3481,14308
3482,5080
3484,9618
3485,2760
3487,13877
3488,11197
3490,4624
3491,3603
3493,9336
3494,6679
3496,5728
3497,15543
3499,7370
3500,15799
3502,1673
3503,15134
3505,9353
3506,3110
3508,3859
3509,14130
3511,15988
3512,11961
3514,6711
3515,5102
3517,8458
3518,2502
3520,8640
3521,7126
3523,15826
3524,16462
3526,5119
3527,5713
3529,7801
3530,13082
3532,8417
3533,14755
3535,7149
3536,7631
3538,11665
3539,11490
3541,11699
3542,11001
3544,337
3545,1236
3547,8210
3548,9693
3550,10804
3551,1857
3553,525
3554,1207
3556,13401
3557,6325
3559,8867
3560,14125
3562,3656
3563,6066
3565,13578
3566,13214
3568,10133
3569,8403
3571,4341
3572,3625
3574,10510
3575,3962
3577,5304
3578,12171
3580,2599
3581,6499
3583,7020
3584,7024
3586,11426
3587,3948
3589,5069
3590,12815
3592,11794
3593,16470
3595,321
3596,13572
3598,12956
3599,7228
3601,4128
3602,11569
3604,6300
3605,5602
3607,9708
3608,10905
3610,6332
3611,13504
3613,4813
3614,4047
3616,4500
3617,15473
3619,10511
3620,4065
3622,14172
3623,15859
3625,7422
3626,16180
3628,13886
3629,12659
3631,12276
3632,310
3634,14291
3635,6610
3637,3791
3638,16317
3640,5462
3641,6172
3643,13632
3644,10984
3646,12349
3647,15483
3649,15014
3650,9518
3652,14017
3653,7213
3655,13014
3656,14635
3658,9106
3659,12044
3661,12426
3662,7843
3664,10839
3665,5657
3667,14854
3668,9448
3670,13298
3671,14909
3673,8768
3674,12065
3676,8286
3677,7937
3679,6801
3680,6474
3682,9380
3683,4014
3685,11341
3686,551
3688,13006
3689,9657
3691,10853
3692,5607
3694,9010
3695,16446
3697,13776
3698,14823
3700,1905
3701,11644
3703,12683
3704,3936
3706,1492
3707,12222
3709,5784
3710,2546
3712,3118
3713,11926
3715,7665
3716,6791
3718,10370
3719,3320
3721,8642
3722,14173
3724,14756
3725,6706
3727,10051
3728,4005
3730,14794
3731,5910
3733,1494
3734,2117
3736,257
3737,3608
3739,6957
3740,9392
3742,3655
3743,12510
3745,4365
3746,3698
3748,5627
3749,14067
3751,69
3752,6233
3754,117
3755,4512
3757,135
3758,14563
3760,14976
3761,12881
3763,8509
3764,14374
3766,5977
3767,14631
3769,15667
3770,5112
3772,11427
3773,8766
3775,2636
3776,13131
3778,635
3779,2281
3781,1954
3782,2349
3784,969
3785,2466
3787,6690
3788,2601
3790,16415
3791,1100
3793,15573
3794,9608
3796,372
3797,15585
3799,5254
3800,14776
3802,3053
3803,9727
3805,13360
3806,12363
3808,10890
3809,12998
3811,6010
3812,14951
3814,7362
3815,15920
3817,13227
3818,6133
3820,702
3821,6071
3823,1057
3824,5168
3826,15787
3827,5539
3829,12194
3830,10793
3832,13714
3833,13845
3835,7522
3836,10729
3838,14462
3839,5142
3841,7205
3842,11152
3844,2298
3845,2037
3847,16332
3848,15264
3850,14
3851,15965
3853,1272
3854,546
3856,12138
3857,16332
3859,5636
3860,12050
3862,13910
3863,9287
3865,15434
3866,333
3868,12844
3869,14794
3871,6775
3872,5523
3874,15657
3875,7820
3877,7507
3878,7675
3880,5488
3881,7689
3883,9540
3884,8961
3886,2283
3887,4623
3889,565
3890,10258
3892,9639
3893,7692
3895,16082
3896,6649
3898,302
3899,3017
3901,6139
3902,9792
3904,6651
3905,8972
3907,9200
3908,2
3910,10536
3911,5490
3913,11361
3914,15029
3916,12731
3917,836
3919,13957
3920,1400
3922,10756
3923,11039
3925,365
3926,10645
3928,6783
3929,10946
3931,11519
3932,608
3934,5300
3935,7258
3937,6902
3938,16457
3940,16178
3941,10516
3943,190
3944,5400
3946,9640
3947,1655
3949,7235
3950,15611
3952,15088
3953,9890
3955,14157
3956,10254
3958,3399
3959,561
3961,12132
3962,12079
3964,14181
3965,903
3967,8726
3968,7804
3970,3272
3971,7505
3973,3308
3974,7695
3976,1897
3977,858
3979,1322
3980,8092
3982,2146
3983,6704
3985,14009
3986,4385
3988,3564
3989,7783
3991,4064
3992,3439
3994,5172
3995,1144
3997,13536
3998,9869
4000,5405
4001,13141
4003,7789
4004,16448
4006,15574
4007,1869
4009,8536
4010,3190
4012,633
4013,5336
4015,2619
4016,2869
4018,14858
4019,6433
4021,11182
4022,10496
4024,3108
4025,15668
4027,12413
4028,12727
4030,13045
4031,1655
4033,4705
4034,9444
4036,4059
4037,8541
4039,4271
4040,601
4042,12575
4043,1233
4045,11106
4046,3851
4048,14022
4049,2232
4051,8245
4052,13414
4054,5906
4055,46
4057,4710
4058,12458
4060,13382
4061,9027
4063,2243
4064,13731
4066,7551
4067,1314
4069,14727
4070,5584
4072,8618
4073,1682
4075,7844
4076,12788
4078,9938
4079,10334
4081,1989
4082,2102
4084,4535
4085,8008
4087,6273
4088,12717
4090,4261
4091,9623
4093,3904
4094,11865
4096,12991
4097,2939
4099,14142
4100,1190
4102,15894
4103,9807
4105,2401
4106,1174
4108,9236
4109,11112
4111,1826
4112,13100
4114,7829
4115,1159
4117,13878
4118,7431
4120,15909
4121,11692
4123,10490
4124,15596
4126,2325
4127,12110
4129,11950
4130,9776
4132,10681
4133,9193
4135,11095
4136,11594
4138,7820
4139,4353
4141,14878
4142,6178
4144,7562
4145,14006
4147,8253
4148,11408
4150,5184
4151,10840
4153,11739
4154,4854
4156,13682
4157,7179
4159,2088
4160,2652
4162,8159
4163,13333
4165,7561
4166,7951
4168,8137
4169,15770
4171,3349
4172,14171
4174,11660
4175,5256
4177,4654
4178,13508
4180,5079
4181,2216
4183,719
4184,13955
4186,11955
4187,11160
4189,2347
4190,13247
4192,2515
4193,4930
4195,11875
4196,12491
4198,16352
4199,4151
4201,8706
4202,7500
4204,7236
4205,2683
4207,3296
4208,7337
4210,10764
4211,12415
4213,12595
4214,13134
4216,2803
4217,8612
4219,189
4220,10959
4222,227
4223,13474
4225,13597
4226,8872
4228,1965
4229,8748
4231,6103
4232,978
4234,7935
4235,8213
4237,15024
4238,11509
4240,2669
4241,5796
4243,9005
4244,1914
4246,12820
4247,4716
4249,11318
4250,4905
4252,6588
4253,5132
4255,6787
4256,2252
4258,3000
4259,4216
4261,3364
4262,10318
4264,11228
4265,1777
4267,5298
4268,325
4270,6704
4271,2993
4273,4048
4274,11998
4276,14525
4277,8341
4279,662
4280,3183
4282,14233
4283,9771
4285,8325
4286,81
4288,11290
4289,3081
4291,6526
4292,6444
4294,2739
4295,1196
4297,7165
4298,6493
4300,6623
4301,13196
4303,11877
4304,767
4306,2568
4307,15292
4309,14452
4310,15954
4312,14764
4313,13711
4315,3731
4316,5559
4318,11425
4319,372
4321,6860
4322,6898
4324,12612
4325,9636
4327,3664
4328,324
4330,11517
4331,6947
4333,5887
4334,2347
4336,12254
4337,4915
4339,10485
4340,2890
4342,11900
4343,1177
4345,6609
4346,4907
4348,1398
4349,16332
4351,15743
4352,6715
4354,3580
4355,2850
4357,9088
4358,6514
4360,4612
4361,1555
4363,13331
4364,7441
4366,6341
4367,3219
4369,14643
4370,13704
4372,5946
4373,9127
4375,10959
4376,15735
4378,5055
4379,656
4381,15998
4382,16399
4384,887
4385,3502
4387,11887
4388,12590
4390,6735
4391,725
4393,8529
4394,14056
4396,12670
4397,3921
4399,5249
4400,2088
4402,717
4403,8033
4405,13838
4406,2516
4408,15389
4409,7570
4411,320
4412,7091
4414,8442
4415,7978
4417,2938
4418,3389
4420,3947
4421,10124
4423,6511
4424,2177
4426,39
4427,14847
4429,13262
4430,3619
4432,7235
4433,4336
4435,10335
4436,1697
4438,12694
4439,610
4441,15708
4442,930
4444,2169
4445,9372
4447,8608
4448,12310
4450,11160
4451,16256
4453,14437
4454,6291
4456,15293
4457,6330
4459,3595
4460,3115
4462,10460
4463,10350
4465,8882
4466,4208
4468,9819
4469,426
4471,1849
4472,16134
4474,970
4475,1827
4477,8069
4478,10434
4480,2080
4481,5117
4483,6215
4484,3078
4486,12526
4487,1895
4489,731
4490,5489
4492,9031
4493,15949
4495,5190
4496,8355
4498,3046
4499,1697
4501,1511
4502,3546
4504,906
4505,4516
4507,9672
4508,12584
4510,14272
4511,14664
4513,2175
4514,4402
4516,12845
4517,452
4519,13368
4520,1182
4522,529
4523,10213
4525,14516
4526,15402
4528,16234
4529,1972
4531,1902
4532,3482
4534,3703
4535,4388
4537,7330
4538,14060
4540,4914
4541,11855
4543,7616
4544,14030
4546,13395
4547,10398
4549,4592
4550,7290
4552,1278
4553,7818
4555,13912
4556,5857
4558,1949
4559,5615
4561,8158
4562,7516
4564,1436
4565,11218
4567,15706
4568,2071
4570,9607
4571,6985
4573,1695
4574,14601
4576,14661
4577,11519
4579,11602
4580,16111
4582,9726
4583,912
4585,1586
4586,14824
4588,8847
4589,296
4591,1604
4592,8453
4594,14319
4595,9889
4597,14945
4598,9118
4600,13155
4601,2248
4603,6743
4604,3943
4606,14361
4607,2127
4609,15901
4610,13729
4612,8254
4613,6978
4615,8425
4616,8563
4618,14453
4619,934
4621,9619
4622,2538
4624,12301
4625,380
4627,9724
4628,15324
4630,9218
4631,12003
4633,15696
4634,2269
4636,3823
4637,154
4639,3469
4640,16054
4642,2750
4643,7832
4645,2942
4646,16257
4648,1482
4649,14234
4651,317
4652,7377
4654,7606
4655,3201
4657,8307
4658,12924
4660,1649
4661,5666
4663,13715
4664,4885
4666,13247
4667,8708
4669,14906
4670,12177
4672,13818
4673,14926
4675,3231
4676,1392
4678,1207
4679,2873
4681,116
4682,3190
4684,1563
4685,10795
4687,3389
4688,2625
4690,4063
4691,4274
4693,263
4694,1512
4696,15208
4697,14759
4699,13830
4700,13189
4702,12030
4703,10530
4705,1585
4706,13760
4708,7397
4709,14966
4711,10966
4712,15082
4714,5436
4715,169
4717,3106
4718,3558
4720,13700
4721,7620
4723,13483
4724,7883
4726,1675
4727,6614
4729,15051
4730,3968
4732,7651
4733,15997
4735,15178
4736,1106
4738,7620
4739,8502
4741,2934
4742,2992
4744,1438
4745,8427
4747,10737
4748,11533
4750,6185
4751,8756
4753,5905
4754,5762
4756,7138
4757,7436
4759,6653
4760,6010
4762,2880
4763,13661
4765,9637
4766,12362
4768,13677
4769,3506
4771,16207
4772,6439
4774,866
4775,7877
4777,2171
4778,2138
4780,7032
4781,8322
4783,3037
4784,14227
4786,6924
4787,4888
4789,949
4790,11540
4792,15418
4793,14420
4795,12931
4796,7580
4798,11550
4799,4780
4801,2194
4802,4511
4804,12306
4805,5377
4807,14369
4808,7547
4810,11488
4811,14578
4813,886
4814,1138
4816,12522
4817,8061
4819,15118
4820,9010
4822,7248
4823,7952
4825,13038
4826,4407
4828,14714
4829,15956
4831,3420
4832,1674
4834,15040
4835,13980
4837,1585
4838,11872
4840,6743
4841,6884
4843,3747
4844,7770
4846,14977
4847,3815
4849,14618
4850,2457
4852,9324
4853,9704
4855,1972
4856,6265
4858,2201
4859,4503
4861,7209
4862,7922
4864,252
4865,6486
4867,15147
4868,8070
4870,4635
4871,14813
4873,8701
4874,2083
4876,13905
4877,583
4879,10693
4880,15201
4882,14
4883,8048
4885,13763
4886,10020
4888,15442
4889,12220
4891,124
4892,2953
4894,2956
4895,3205
4897,3291
4898,1875
4900,15498
4901,6510
4903,1637
4904,15211
4906,12020
4907,12639
4909,9742
4910,6855
4912,9920
4913,6869
4915,3325
4916,4156
4918,2995
4919,3121
4921,7168
4922,3245
4924,2787
4925,6200
4927,4891
4928,9491
4930,15064
4931,8513
4933,7097
4934,10149
4936,1213
4937,5692
4939,12387
4940,15434
4942,5810
4943,8877
4945,7280
4946,12202
4948,2293
4949,15197
4951,9526
4952,5889
4954,3236
4955,8675
4957,150
4958,13565
4960,15414
4961,12153
4963,4236
4964,2774
4966,8268
4967,3986
4969,8462
4970,16373
4972,15510
4973,5706
4975,12952
4976,12986
4978,14548
4979,15279
4981,2789
4982,8328
4984,10750
4985,11564
4987,8435
4988,11713
4990,15610
4991,10650
4993,14821
4994,14885
4996,7704
4997,6677
4999,6279
5000,15138
5002,3811
5003,14172
5005,10221
5006,10647
5008,12356
5009,8718
5011,13212
5012,11507
5014,3480
5015,5780
5017,2424
5018,14214
5020,14932
5021,13347
5023,6641
5024,11691
5026,1123
5027,2919
5029,16066
5030,9197
5032,14430
5033,13008
5035,2023
5036,6752
5038,2602
5039,2631
5041,1984
5042,15843
5044,9693
5045,2847
5047,12489
5048,5270
5050,10522
5051,3726
5053,2729
5054,10366
5056,9820
5057,11489
5059,7112
5060,11078
5062,3064
5063,9031
5065,13188
5066,11054
5068,1006
5069,13656
5071,14018
5072,15639
5074,5584
5075,8855
5077,2930
5078,4868
5080,14489
5081,15390
5083,6443
5084,1642
5086,10087
5087,11461
5089,174
5090,2096
5092,15933
5093,5160
5095,11748
5096,1871
5098,14314
5099,2877
5101,3035
5102,419
5104,7598
5105,6002
5107,15007
5108,8931
5110,11209
5111,6944
5113,11137
5114,13386
5116,4955
5117,6996
5119,10261
5120,7169
5122,10168
5123,6626
5125,2631
5126,1897
5128,6147
5129,16210
5131,6841
5132,2768
5134,6699
5135,10365
5137,15410
5138,8895
5140,12514
5141,3628
5143,8530
5144,14765
5146,6188
5147,3243
5149,15306
5150,13503
5152,10043
5153,7195
5155,9940
5156,9825
5158,11708
5159,15972
5161,16352
5162,6337
5164,4939
5165,13035
5167,16003
5168,11969
5170,3046
5171,8006
5173,13508
5174,60
5176,4403
5177,6247
5179,2294
5180,5076
5182,7354
5183,15118
5185,2564
5186,8582
5188,16146
5189,3813
5191,12985
5192,3689
5194,12593
5195,8627
5197,6089
5198,8154
5200,8481
5201,11199
5203,14500
5204,8230
5206,2331
5207,12632
5209,9880
5210,14926
5212,14456
5213,5804
5215,9751
5216,8367
5218,14870
5219,8036
5221,3009
5222,4544
5224,13960
5225,661
5227,4993
5228,6750
5230,7994
5231,15230
5233,2525
5234,13253
5236,13591
5237,15583
5239,14427
5240,8986
5242,3862
5243,6966
5245,8415
5246,240
5248,5073
5249,15110
5251,5545
5252,1643
5254,9705
5255,15602
5257,6016
5258,4119
5260,10481
5261,12113
5263,9667
5264,14637
5266,608
5267,11752
5269,4180
5270,9702
5272,6202
5273,13563
5275,14026
5276,5502
5278,13741
5279,10574
5281,5015
5282,16119
5284,833
5285,9347
5287,13787
5288,15363
5290,538
5291,9367
5293,2519
5294,2558
5296,1276
5297,3165
5299,15615
5300,7344
5302,5989
5303,13545
5305,3327
5306,11095
5308,906
5309,8360
5311,13594
5312,13374
5314,11448
5315,14207
5317,8428
5318,11517
5320,9527
5321,12055
5323,6262
5324,14573
5326,1157
5327,15848
5329,7803
5330,14987
5332,7675
5333,4499
5335,4633
5336,7826
5338,7093
5339,8732
5341,3650
5342,5849
5344,16326
5345,821
5347,5396
5348,9248
5350,9828
5351,2299
5353,7150
5354,8560
5356,7030
5357,9716
5359,10074
5360,1043
5362,3986
5363,8718
5365,11443
5366,13350
5368,13519
5369,3967
5371,7479
5372,7616
5374,14812
5375,7465
5377,3399
5378,12861
5380,3503
5381,6212
5383,15661
5384,13362
5386,9440
5387,3915
5389,2591
5390,13989
5392,10728
5393,1499
5395,6888
5396,12942
5398,10874
5399,9985
5401,7115
5402,987
5404,9204
5405,15798
5407,12114
5408,2721
5410,7795
5411,6223
5413,5775
5414,5408
5416,12314
5417,14847
5419,12094
5420,962
5422,12915
5423,11689
5425,5978
5426,2101
5428,12391
5429,12974
5431,6294
5432,3612
5434,7813
5435,12816
5437,320
5438,8453
5440,5688
5441,16248
5443,791
5444,5547
5446,9256
5447,1385
5449,5159
5450,13478
5452,15052
5453,9917
5455,9966
5456,15895
5458,1347
5459,11809
5461,2711
5462,1626
5464,5062
5465,9439
5467,6735
5468,9758
5470,11127
5471,15446
5473,5267
5474,16237
5476,4814
5477,9016
5479,2731
5480,14175
5482,1610
5483,12750
5485,12178
5486,6240
5488,8369
5489,7586
5491,1058
5492,10296
