<?xml version="1.0" encoding="UTF-8" ?>
<!DOCTYPE struts PUBLIC "-//Apache Software Foundation//DTD Struts Configuration 2.0//EN" "http://struts.apache.org/dtds/struts-2.0.dtd">
<struts>
	<constant name="struts.custom.i18n.resources" value="struts-messages" />
	<constant name="struts.devMode" value="false" />
	<constant name="struts.configuration.xml.reload" value="true" />
	<constant name="struts.action.extension" value=",json"/>
	<constant name="struts.multipart.maxSize" value="308200" />
	<constant name="struts.enable.SlashesInActionNames" value="true"/>
	<constant name="struts.patternMatcher" value="regex" />
	<constant name="struts.mapper.alwaysSelectFullNamespace" value="false"/>
	<constant name="struts.mapper.idParameterName" value="restId" />
	<constant name="struts.mapper.class" value="org.apache.struts2.dispatcher.mapper.PrefixBasedActionMapper"/>
	<constant name="struts.mapper.prefixMapping" value=":struts"/> 
	<constant name="struts.convention.action.suffix" value="Controller"/>
	<constant name="struts.convention.action.mapAllMatches" value="true"/>
	<bean class="com.practicalneo4j.graphstory.service.GraphStory" name="graphstory" />
	<bean class="com.practicalneo4j.graphstory.service.GraphStoryDAO" name="graphStoryDAO"/>
	<bean class="com.practicalneo4j.graphstory.service.GraphStoryService" name="graphStoryService"/>
	<bean class="com.practicalneo4j.graphstory.service.ContentDAO" name="contentDAO"/>
	<bean class="com.practicalneo4j.graphstory.service.LocationDAO" name="locationDAO"/>
	<bean class="com.practicalneo4j.graphstory.service.ProductDAO" name="productDAO"/>
	<bean class="com.practicalneo4j.graphstory.service.PurchaseDAO" name="purchaseDAO"/>
	<bean class="com.practicalneo4j.graphstory.service.TagDAO" name="tagDAO"/>
	<bean class="com.practicalneo4j.graphstory.service.UserDAO" name="userDAO"/>
	
	<package name="practicalneo4j-struts-default" extends="json-default">
		<result-types>
    		<result-type name="mustache" class="com.practicalneo4j.graphstory.struts.MustacheResult">
    		    <!-- you can set a diferrent file path or alias for the mustache templates using rootMustachePath 
    			<param name="rootMustachePath">/path/to/your/project/</param> 
    			 -->
    			 <!--  in dev mode, set to false. in prod, I'd recommend true -->
    			<param name="cache">false</param>
    		</result-type>
         	<result-type name="json" class="org.apache.struts2.json.JSONResult">
				<param name="excludeNullProperties">true</param>
				<param name="root">
			        graphStory
			    </param>
         	</result-type>
		</result-types>
		<global-results>
			<result name="exception" type="mustache">
			    <param name="location">/mustache/html/home/message.html</param>
		    </result>
			<result name="error" type="mustache">		    
			    <param name="location">/mustache/html/home/message.html</param>
		    </result>
			<result name="needlogin" type="redirectAction">
				<param name="actionName">home</param>
				<param name="namespace">/</param>
				<param name="parse">true</param>
			</result>
		</global-results>
		<global-exception-mappings>
			<exception-mapping exception="java.lang.Exception" result="exception" />
		</global-exception-mappings>
	</package>
	
	<package name="practicalneo4j-struts-secure" extends="practicalneo4j-struts-default">
		<interceptors>
			<interceptor name="security-cp" class="com.practicalneo4j.graphstory.struts.SecurityInterceptor"/>
	        <interceptor-stack name="gsSecureStack">
	        	<interceptor-ref name="cookie">
					<param name="cookiesName">graphstoryUserAuthKey</param>
  				</interceptor-ref>
           		<interceptor-ref name="security-cp"/>
           		<interceptor-ref name="defaultStack"/>
			</interceptor-stack>
		</interceptors>
		<default-interceptor-ref name="gsSecureStack" />
	</package>
</struts>